action,pair,amount,price,total_usdt,initial_usd,current_usd,profit
buy,DATA/BTC,0.00016973899913059684,58913.98,90.0,,,
buy,DATA/BTC,0.00015802098729405915,56954.46,81.0,,,
buy,DATA/BTC,0.0001412091794334583,57361.71,72.9,,,
buy,DATA/BTC,0.0001258871025814109,57909.03,65.61,,,
buy,DATA/BTC,0.0001133540818008389,57880.58,59.049,,,
buy,DATA/BTC,0.00010117198723823555,58364.97,53.1441,,,
buy,DATA/BTC,9.199685635298863e-05,57767.3,47.82969,,,
buy,DATA/BTC,8.374663842526584e-05,57112.37,43.046721,,,
buy,DATA/BTC,7.491091969424968e-05,57463.88,38.7420489,,,
buy,DATA/BTC,6.744447510291964e-05,57442.88,34.86784401,,,
buy,DATA/BTC,6.074936282400429e-05,57396.23,31.381059608999998,,,
buy,DATA/BTC,5.459040505826172e-05,57484.57,28.2429536481,,,
buy,DATA/BTC,4.9008597034595863e-05,57628.57,25.41865828329,,,
buy,DATA/BTC,4.406758383041718e-05,57681.08,22.876792454961,,,
buy,DATA/BTC,3.955539665371311e-05,57834.82,20.589113209464898,,,
buy,DATA/BTC,3.561861016643707e-05,57804.37,18.53020188851841,,,
buy,DATA/BTC,3.2058390770257004e-05,57801.41,16.67718169966657,,,
buy,DATA/BTC,2.8478959235191204e-05,58559.66,15.009463529699913,,,
buy,DATA/BTC,2.5632411472288704e-05,58556.58,13.50851717672992,,,
buy,DATA/BTC,2.3111148558089126e-05,58450.22,12.157665459056929,,,
buy,DATA/BTC,2.0586930713804205e-05,59055.26,10.941898913151237,,,
buy,DATA/BTC,1.846292753183583e-05,59264.16,9.847709021836113,,,
buy,DATA/BTC,1.668607449657096e-05,59017.53,8.862938119652503,,,
buy,DATA/BTC,1.49736478846048e-05,59190.24,7.976644307687252,,,
buy,DATA/BTC,1.3432420825992217e-05,59383.52,7.178979876918527,,,
buy,DATA/BTC,1.2095782347620395e-05,59351.1,6.461081889226675,,,
buy,DATA/BTC,1.1001809016442354e-05,58727.45,5.814973700304007,,,
buy,DATA/BTC,9.837115410277247e-06,59112.59,5.233476330273606,,,
buy,DATA/BTC,8.821258647305836e-06,59328.0,4.710128697246246,,,
buy,DATA/BTC,7.97507762746441e-06,59060.6,4.239115827521621,,,
buy,DATA/BTC,7.18107038818837e-06,59031.81,3.815204244769459,,,
buy,DATA/BTC,6.432529905480524e-06,59311.1,3.4336838202925133,,,
buy,DATA/BTC,5.766656988000443e-06,59543.75,3.090315438263262,,,
buy,DATA/BTC,5.174648215536865e-06,59720.3,2.781283894436936,,,
buy,DATA/BTC,4.666270542978552e-06,59604.0,2.5031555049932424,,,
buy,DATA/BTC,4.2053810496994465e-06,59522.68,2.252839954493918,,,
buy,DATA/BTC,3.801956728353285e-06,59254.75,2.027555959044526,,,
buy,DATA/BTC,3.4254614134652245e-06,59190.74,1.8248003631400733,,,
buy,DATA/BTC,3.0810803890995716e-06,59225.99,1.642320326826066,,,
buy,DATA/BTC,2.761078814477514e-06,59481.11,1.4780882941434594,,,
buy,DATA/BTC,2.503536659535558e-06,59040.01,1.3302794647291134,,,
buy,DATA/BTC,2.2436410603431435e-06,59291.1,1.197251518256202,,,
buy,DATA/BTC,1.9743268057192365e-06,60641.0,1.0775263664305819,,,
buy,DATA/BTC,1.7466805637394452e-06,61689.95,0.9697737297875236,,,
buy,DATA/BTC,1.5738440255072912e-06,61618.16,0.8727963568087713,,,
buy,DATA/BTC,1.4147931388224091e-06,61690.74,0.7855167211278942,,,
buy,DATA/BTC,1.2734942465028602e-06,61682.0,0.7069650490151047,,,
buy,DATA/BTC,1.1438482981787881e-06,61805.84,0.6362685441135942,,,
buy,DATA/BTC,1.0290753537992909e-06,61829.15,0.5726416897022348,,,
buy,DATA/BTC,9.226138484829616e-07,62067.32,0.5153775207320114,,,
buy,DATA/BTC,8.193602586137318e-07,62899.99,0.4638397686588102,,,
buy,DATA/BTC,7.393282678102749e-07,62738.0,0.4174557917929292,,,
buy,DATA/BTC,6.649246585157584e-07,62782.42,0.37571021261363624,,,
buy,DATA/BTC,5.974844198104295e-07,62882.01,0.3381391913522726,,,
buy,DATA/BTC,5.360142745445756e-07,63083.99,0.30432527221704536,,,
buy,DATA/BTC,4.84162414038948e-07,62856.03,0.27389274499534083,,,
buy,DATA/BTC,4.368370136835217e-07,62699.07,0.24650347049580673,,,
buy,DATA/BTC,3.929970513612122e-07,62724.0,0.22185312344622604,,,
buy,DATA/BTC,3.5182396940693176e-07,63057.99,0.19966781110160342,,,
buy,DATA/BTC,3.150129048345212e-07,63384.01,0.17970102999144308,,,
buy,DATA/BTC,2.8538958232583564e-07,62966.92,0.16173092699229877,,,
buy,DATA/BTC,2.56882812508863e-07,62959.03,0.1455578342930689,,,
buy,DATA/BTC,2.304554226829535e-07,63160.95,0.13100205086376202,,,
buy,DATA/BTC,2.0734799867008443e-07,63179.8,0.11790184577738581,,,
buy,DATA/BTC,1.8301800468075704e-07,64420.9,0.10611166119964724,,,
buy,DATA/BTC,1.6612835284797754e-07,63873.3,0.09550049507968252,,,
buy,DATA/BTC,1.4906500836427136e-07,64066.34,0.08595044557171426,,,
buy,DATA/BTC,1.3486653941897736e-07,63730.0,0.07735540101454283,,,
buy,DATA/BTC,1.2121046090689937e-07,63819.08,0.06961986091308854,,,
buy,DATA/BTC,1.094494094374892e-07,63609.17,0.06265787482177969,,,
buy,DATA/BTC,9.839023780872782e-08,63683.02,0.056392087339601715,,,
buy,DATA/BTC,8.885779236125716e-08,63463.3,0.050752878605641545,,,
buy,DATA/BTC,7.974541773566586e-08,63643.63,0.04567759074507739,,,
buy,DATA/BTC,7.145925324126169e-08,63921.17,0.041109831670569655,,,
buy,DATA/BTC,6.436713068376877e-08,63867.74,0.03699884850351269,,,
buy,DATA/BTC,5.789762864825124e-08,63903.91,0.03329896365316142,,,
buy,DATA/BTC,5.234540435986562e-08,63613.92,0.029969067287845277,,,
buy,DATA/BTC,4.690579918629175e-08,63892.03,0.02697216055906075,,,
buy,DATA/BTC,4.246947632270053e-08,63509.52,0.024274944503154677,,,
buy,DATA/BTC,3.833967354764116e-08,63315.47,0.02184745005283921,,,
buy,DATA/BTC,3.4600668104975334e-08,63141.7,0.01966270504755529,,,
buy,DATA/BTC,3.1094197630295454e-08,63235.93,0.01769643454279976,,,
buy,DATA/BTC,2.7936508743283838e-08,63345.19,0.015926791088519784,,,
buy,DATA/BTC,2.5195970313894277e-08,63211.66,0.014334111979667805,,,
buy,DATA/BTC,2.261513406654106e-08,63382.83,0.012900700781701024,,,
buy,DATA/BTC,2.0240565320759485e-08,63736.86,0.011610630703530921,,,
buy,DATA/BTC,1.8236210817884842e-08,63668.0,0.01044956763317783,,,
buy,DATA/BTC,1.6411195243317156e-08,63673.41,0.009404610869860046,,,
buy,DATA/BTC,1.4766578497716065e-08,63688.49,0.00846414978287404,,,
buy,DATA/BTC,1.325430445317964e-08,63859.63,0.007617734804586636,,,
buy,DATA/BTC,1.1954015773615002e-08,63725.32,0.0068559613241279726,,,
buy,DATA/BTC,1.0692406343252779e-08,64119.91,0.0061703651917151756,,,
buy,DATA/BTC,9.626153243525508e-09,64100.01,0.005553328672543658,,,
buy,DATA/BTC,8.619347967834893e-09,64428.64,0.004997995805289292,,,
buy,DATA/BTC,7.770274253426965e-09,64322.0,0.0044981962247603625,,,
buy,DATA/BTC,7.0045722768699785e-09,64218.0,0.004048376602284326,,,
buy,DATA/BTC,6.332256108868895e-09,63932.61,0.0036435389420558933,,,
buy,DATA/BTC,5.703729436902873e-09,63879.94,0.003279185047850304,,,
buy,DATA/BTC,5.144725961687532e-09,63738.77,0.0029512665430652734,,,
buy,DATA/BTC,4.620854884386934e-09,63868.41,0.002656139888758746,,,
buy,DATA/BTC,4.159316430985129e-09,63860.01,0.0023905258998828715,,,
buy,DATA/BTC,3.734496500473148e-09,64012.0,0.0021514733098945845,,,
buy,DATA/BTC,3.3502641624493946e-09,64218.02,0.001936325978905126,,,
buy,DATA/BTC,3.018565697632923e-09,64147.22,0.0017426933810146135,,,
buy,DATA/BTC,2.7303782106227007e-09,63826.08,0.001568424042913152,,,
buy,DATA/BTC,2.45578172079197e-09,63866.59,0.001411581638621837,,,
buy,DATA/BTC,2.199890001921324e-09,64166.01,0.0012704234747596532,,,
buy,DATA/BTC,1.9792557063558783e-09,64186.93,0.0011433811272836879,,,
buy,DATA/BTC,1.7801350945923542e-09,64230.02,0.001029043014555319,,,
buy,DATA/BTC,1.594408206528928e-09,64540.75,0.0009261387130997872,,,
buy,DATA/BTC,1.4217001741088337e-09,65143.04,0.0008335248417898084,,,
buy,DATA/BTC,1.2790754130052211e-09,65166.2,0.0007501723576108276,,,
buy,DATA/BTC,1.1720131897913103e-09,64007.16,0.0006751551218497448,,,
buy,DATA/BTC,1.0515853435670532e-09,64203.55,0.0006076396096647704,,,
buy,DATA/BTC,9.554984828987305e-10,63593.99,0.0005468756486982934,,,
buy,DATA/BTC,8.562322891421082e-10,63870.01,0.0004921880838284641,,,
buy,DATA/BTC,7.77892775945595e-10,63271.97,0.0004429692754456177,,,
buy,DATA/BTC,6.961422017717461e-10,63632.01,0.0003986723479010559,,,
buy,DATA/BTC,6.308863434903363e-10,63192.42,0.0003588051131109503,,,
buy,DATA/BTC,5.679999485687972e-10,63169.92,0.00032292460179985527,,,
buy,DATA/BTC,5.093447977915698e-10,63400.0,0.0002906321416198697,,,
buy,DATA/BTC,4.597155039858743e-10,63220.0,0.00026156892745788274,,,
buy,DATA/BTC,4.1316700984118153e-10,63308.28,0.00023541203471209447,,,
buy,DATA/BTC,3.704342414678115e-10,63550.29,0.00021187083124088503,,,
buy,DATA/BTC,3.336776054822085e-10,63495.67,0.00019068374811679652,,,
buy,DATA/BTC,3.018811125319306e-10,63165.18,0.00017161537330511687,,,
buy,DATA/BTC,2.7006717288465837e-10,63545.44,0.0001544538359746052,,,
buy,DATA/BTC,2.4172798424464924e-10,63895.72,0.00013900845237714468,,,
buy,DATA/BTC,2.1821417529969607e-10,63702.76,0.0001251076071394302,,,
buy,DATA/BTC,1.9783142994399105e-10,63239.5,0.00011259684642548719,,,
buy,DATA/BTC,1.7741210634481466e-10,63466.27,0.00010133716178293847,,,
buy,DATA/BTC,1.594267301375121e-10,63563.47,9.120344560464461e-05,,,
buy,DATA/BTC,1.433479786964104e-10,63623.81,8.208310104418015e-05,,,
buy,DATA/BTC,1.2892021469584688e-10,63669.69,7.387479093976214e-05,,,
buy,DATA/BTC,1.1501245865146346e-10,64231.99,6.648731184578592e-05,,,
buy,DATA/BTC,1.0369203459793019e-10,64119.98,5.983858066120733e-05,,,
buy,DATA/BTC,9.337177415604493e-11,64086.37,5.385472259508659e-05,,,
buy,DATA/BTC,8.482337038052286e-11,63490.43,4.846925033557794e-05,,,
buy,DATA/BTC,7.613406137844513e-11,63663.03,4.362232530202014e-05,,,
buy,DATA/BTC,6.900828625114061e-11,63213.17,3.926009277181813e-05,,,
buy,DATA/BTC,6.132044946536555e-11,64024.47,3.533408349463631e-05,,,
buy,DATA/BTC,5.5434291512452237e-11,63740.48,3.180067514517268e-05,,,
buy,DATA/BTC,4.9974353557230474e-11,63633.99,2.862060763065541e-05,,,
buy,DATA/BTC,4.514876079482124e-11,63391.79,2.5758546867589868e-05,,,
buy,DATA/BTC,4.077655682324767e-11,63169.99,2.318269218083088e-05,,,
buy,DATA/BTC,3.676291179960495e-11,63060.0,2.0864422962747792e-05,,,
buy,DATA/BTC,3.313131058600102e-11,62974.94,1.877798066647301e-05,,,
buy,DATA/BTC,2.9771344277100844e-11,63074.01,1.690018259982571e-05,,,
buy,DATA/BTC,2.688931617838802e-11,62850.92,1.5210164339843137e-05,,,
buy,DATA/BTC,2.4409659861794253e-11,62312.07,1.3689147905858824e-05,,,
buy,DATA/BTC,2.1872536539489937e-11,62586.01,1.2320233115272942e-05,,,
buy,DATA/BTC,1.970281790586508e-11,62530.31,1.1088209803745648e-05,,,
buy,DATA/BTC,1.7668764426900453e-11,62756.0,9.979388823371084e-06,,,
buy,DATA/BTC,1.5866996571010086e-11,62894.0,8.981449941033976e-06,,,
buy,DATA/BTC,1.4365688407711715e-11,62520.15,8.083304946930578e-06,,,
buy,DATA/BTC,1.2908975666677332e-11,62617.71,7.274974452237521e-06,,,
buy,DATA/BTC,1.1638843656803965e-11,62505.99,6.547477007013768e-06,,,
buy,DATA/BTC,1.052513664964919e-11,62208.0,5.892729306312391e-06,,,
buy,DATA/BTC,9.447111470795721e-12,62375.99,5.3034563756811525e-06,,,
buy,DATA/BTC,8.512497794101558e-12,62302.0,4.773110738113037e-06,,,
buy,DATA/BTC,7.643084311068776e-12,62450.06,4.2957996643017335e-06,,,
buy,DATA/BTC,6.9016147323278186e-12,62243.4,3.866219697871561e-06,,,
buy,DATA/BTC,6.211963242999704e-12,62238.29,3.4795977280844046e-06,,,
buy,DATA/BTC,5.5720279531709864e-12,62447.6,3.131637955275964e-06,,,
buy,DATA/BTC,5.005815145901477e-12,62560.0,2.8184741597483678e-06,,,
buy,DATA/BTC,4.525991989391831e-12,62273.07,2.536626743773531e-06,,,
buy,DATA/BTC,4.06221328520554e-12,62444.45,2.2829640693961776e-06,,,
buy,DATA/BTC,3.647245965474076e-12,62594.19,2.05466766245656e-06,,,
buy,DATA/BTC,3.2866552728821956e-12,62515.46,1.8492008962109039e-06,,,
buy,DATA/BTC,2.9739743536022013e-12,62179.45,1.6642808065898135e-06,,,
buy,DATA/BTC,2.7030709868276983e-12,61570.0,1.497852725930832e-06,,,
buy,DATA/BTC,2.4360894251952393e-12,61485.95,1.3480674533377487e-06,,,
buy,DATA/BTC,2.200889802876342e-12,61251.02,1.213260708003974e-06,,,
buy,DATA/BTC,1.982677942249263e-12,61193.03,1.0919346372035766e-06,,,
buy,DATA/BTC,1.7783948849577982e-12,61400.01,9.827411734832188e-07,,,
buy,DATA/BTC,1.5966293531318e-12,61550.99,8.84467056134897e-07,,,
buy,DATA/BTC,1.434318040508948e-12,61664.64,7.960203505214072e-07,,,
buy,DATA/BTC,1.2905564012577857e-12,61680.4,7.164183154692665e-07,,,
buy,DATA/BTC,1.1646970482728356e-12,61511.13,6.447764839223399e-07,,,
buy,DATA/BTC,1.047054854200803e-12,61580.01,5.802988355301059e-07,,,
buy,DATA/BTC,9.417989410706732e-13,61616.0,5.222689519770954e-07,,,
buy,DATA/BTC,8.526400139635169e-13,61253.16,4.700420567793858e-07,,,
buy,DATA/BTC,7.666647095838474e-13,61309.99,4.230378511014472e-07,,,
buy,DATA/BTC,6.902233971672165e-13,61289.99,3.807340659913025e-07,,,
buy,DATA/BTC,6.261456576750128e-13,60805.99,3.426606593921722e-07,,,
buy,DATA/BTC,5.612420406793598e-13,61053.99,3.08394593452955e-07,,,
buy,DATA/BTC,5.013188190856834e-13,61516.66,2.775551341076595e-07,,,
buy,DATA/BTC,4.5365251613155485e-13,61182.32,2.497996206968936e-07,,,
buy,DATA/BTC,4.0591027825028287e-13,61540.6,2.248196586272042e-07,,,
buy,DATA/BTC,3.616844569837514e-13,62159.06,2.0233769276448378e-07,,,
buy,DATA/BTC,3.270907645425362e-13,61859.8,1.821039234880354e-07,,,
buy,DATA/BTC,2.939706221163095e-13,61946.3,1.6389353113923185e-07,,,
buy,DATA/BTC,2.632418463108578e-13,62259.68,1.4750417802530866e-07,,,
buy,DATA/BTC,2.361770346120188e-13,62454.92,1.327537602227778e-07,,,
buy,DATA/BTC,2.1198306773969024e-13,62624.7,1.1947838420050003e-07,,,
buy,DATA/BTC,1.9103294483553332e-13,62543.34,1.0753054578045002e-07,,,
buy,DATA/BTC,1.6992693444461377e-13,63280.46,9.677749120240501e-08,,,
buy,DATA/BTC,1.5343484035007294e-13,63074.0,8.709974208216451e-08,,,
buy,DATA/BTC,1.386039849355076e-13,62840.72,7.838976787394806e-08,,,
buy,DATA/BTC,1.246587226759771e-13,62883.5,7.055079108655326e-08,,,
buy,DATA/BTC,1.1214448544069867e-13,62910.62,6.349571197789793e-08,,,
buy,DATA/BTC,1.0092114963452622e-13,62916.16,5.714614078010814e-08,,,
buy,DATA/BTC,9.080905892278427e-14,62930.0,5.1431526702097326e-08,,,
buy,DATA/BTC,8.193908791437887e-14,62768.0,4.628837403188759e-08,,,
buy,DATA/BTC,7.328052121693253e-14,63166.0,4.165953662869883e-08,,,
buy,DATA/BTC,6.604446879142006e-14,63078.01,3.7493582965828945e-08,,,
buy,DATA/BTC,5.947586130366267e-14,63040.0,3.374422466924605e-08,,,
buy,DATA/BTC,5.3454529291119235e-14,63126.97,3.0369802202321446e-08,,,
buy,DATA/BTC,4.818657704305031e-14,63025.44,2.73328219820893e-08,,,
buy,DATA/BTC,4.318006595313322e-14,63299.63,2.459953978388037e-08,,,
buy,DATA/BTC,3.9041986607523365e-14,63007.91,2.2139585805492336e-08,,,
buy,DATA/BTC,3.513996858214135e-14,63004.0,1.99256272249431e-08,,,
buy,DATA/BTC,3.263079661499198e-14,61063.87,1.793306450244879e-08,,,
buy,DATA/BTC,2.943319757059033e-14,60928.02,1.613975805220391e-08,,,
buy,DATA/BTC,2.6427621457460817e-14,61071.55,1.452578224698352e-08,,,
buy,DATA/BTC,2.405579625197511e-14,60383.71,1.3073204022285168e-08,,,
buy,DATA/BTC,2.1531345088211043e-14,60717.08,1.1765883620056652e-08,,,
buy,DATA/BTC,1.9378248878166253e-14,60716.96,1.0589295258050987e-08,,,
buy,DATA/BTC,1.7498076583968e-14,60516.91,9.530365732245888e-09,,,
buy,DATA/BTC,1.5698183663423253e-14,60709.99,8.577329159021299e-09,,,
buy,DATA/BTC,1.4094930750684096e-14,60854.0,7.71959624311917e-09,,,
buy,DATA/BTC,1.2696706435509563e-14,60799.99,6.947636618807252e-09,,,
buy,DATA/BTC,1.1430795922814815e-14,60779.99,6.2528729569265266e-09,,,
buy,DATA/BTC,1.0271373049009764e-14,60876.7,5.627585661233874e-09,,,
buy,DATA/BTC,9.241424304294942e-15,60895.22,5.064827095110486e-09,,,
buy,DATA/BTC,8.339650050592014e-15,60731.89,4.558344385599437e-09,,,
buy,DATA/BTC,7.501471852021587e-15,60766.0,4.102509947039494e-09,,,
buy,DATA/BTC,6.734037983722289e-15,60921.99,3.6922589523355444e-09,,,
buy,DATA/BTC,6.05755082167497e-15,60953.0,3.32303305710199e-09,,,
buy,DATA/BTC,5.445940859443828e-15,61018.53,2.990729751391791e-09,,,
buy,DATA/BTC,4.919771770710008e-15,60790.01,2.6916567762526116e-09,,,
buy,DATA/BTC,4.419476905375032e-15,60904.42,2.4224910986273503e-09,,,
buy,DATA/BTC,3.987902902936227e-15,60745.99,2.180241988764615e-09,,,
buy,DATA/BTC,3.592778967709141e-15,60684.0,1.9622177898881538e-09,,,
buy,DATA/BTC,3.23211574151965e-15,60710.01,1.7659960108993384e-09,,,
buy,DATA/BTC,2.8964044500080257e-15,60972.01,1.5893964098094046e-09,,,
buy,DATA/BTC,2.6124197050746783e-15,60840.01,1.430456768828464e-09,,,
buy,DATA/BTC,2.3383341939825985e-15,61174.18,1.2874110919456176e-09,,,
buy,DATA/BTC,2.1035716488330587e-15,61201.2,1.158669982751056e-09,,,
buy,DATA/BTC,1.8963800130919504e-15,61099.04,1.0428029844759504e-09,,,
buy,DATA/BTC,1.7035214413500556e-15,61214.55,9.385226860283553e-10,,,
buy,DATA/BTC,1.5349380683870021e-15,61144.01,8.446704174255198e-10,,,
buy,DATA/BTC,1.3843295639619202e-15,61016.57,7.602033756829678e-10,,,
buy,DATA/BTC,1.2478808127817227e-15,60919.55,6.84183038114671e-10,,,
buy,DATA/BTC,1.1232690041726671e-15,60909.99,6.157647343032039e-10,,,
buy,DATA/BTC,1.0123382032963276e-15,60825.99,5.541882608728835e-10,,,
buy,DATA/BTC,9.088332706159773e-16,60977.99,4.987694347855952e-10,,,
buy,DATA/BTC,8.194279995820385e-16,60868.0,4.4889249130703565e-10,,,
buy,DATA/BTC,7.367364561596493e-16,60929.86,4.0400324217633205e-10,,,
buy,DATA/BTC,6.630611781884363e-16,60930.01,3.6360291795869883e-10,,,
buy,DATA/BTC,5.950946946795898e-16,61100.01,3.2724262616282896e-10,,,
buy,DATA/BTC,5.360238698778739e-16,61050.01,2.9451836354654604e-10,,,
buy,DATA/BTC,4.832408946709582e-16,60946.49,2.6506652719189144e-10,,,
buy,DATA/BTC,4.3582139226246417e-16,60819.99,2.385598744727023e-10,,,
buy,DATA/BTC,3.907616571682219e-16,61049.97,2.1470388702543208e-10,,,
buy,DATA/BTC,3.519735275870153e-16,61000.01,1.9323349832288887e-10,,,
buy,DATA/BTC,3.159475636325135e-16,61159.99,1.7391014849059997e-10,,,
buy,DATA/BTC,2.8441791275372264e-16,61145.99,1.5651913364153999e-10,,,
buy,DATA/BTC,2.5593526960513117e-16,61155.75,1.40867220277386e-10,,,
buy,DATA/BTC,2.302079597886987e-16,61191.29,1.267804982496474e-10,,,
buy,DATA/BTC,2.0726323889086548e-16,61168.83,1.1410244842468265e-10,,,
buy,DATA/BTC,1.8577708827394425e-16,61419.01,1.0269220358221438e-10,,,
buy,DATA/BTC,1.6739626810378832e-16,61346.77,9.242298322399293e-11,,,
buy,DATA/BTC,1.4999761950002342e-16,61616.3,8.318068490159364e-11,,,
buy,DATA/BTC,1.3553092949304003e-16,61373.95,7.486261641143427e-11,,,
buy,DATA/BTC,1.2191395353236718e-16,61406.11,6.737635477029085e-11,,,
buy,DATA/BTC,1.0994112947580447e-16,61284.03,6.063871929326176e-11,,,
buy,DATA/BTC,9.902462488284958e-17,61236.0,5.457484736393559e-11,,,
buy,DATA/BTC,8.899136967018164e-17,61326.0,4.911736262754203e-11,,,
buy,DATA/BTC,7.988641374592094e-17,61484.0,4.4205626364787823e-11,,,
buy,DATA/BTC,7.186399334901756e-17,61512.9,3.9785063728309044e-11,,,
buy,DATA/BTC,6.477976661461017e-17,61415.88,3.580655735547814e-11,,,
buy,DATA/BTC,5.865671457968061e-17,61044.26,3.222590161993033e-11,,,
buy,DATA/BTC,5.26825267613705e-17,61170.0,2.9003311457937296e-11,,,
buy,DATA/BTC,4.756437752544125e-17,60976.96,2.6102980312143564e-11,,,
buy,DATA/BTC,4.2890940482952007e-17,60858.96,2.3492682280929207e-11,,,
buy,DATA/BTC,3.819694313163435e-17,61504.09,2.1143414052836288e-11,,,
buy,DATA/BTC,3.3919356921024435e-17,62334.36,1.902907264755266e-11,,,
buy,DATA/BTC,3.031691023216534e-17,62767.19,1.7126165382797396e-11,,,
buy,DATA/BTC,2.715826152458309e-17,63060.61,1.5413548844517657e-11,,,
buy,DATA/BTC,2.459293990048879e-17,62674.69,1.3872193960065891e-11,,,
buy,DATA/BTC,2.211131399024083e-17,62737.99,1.2484974564059302e-11,,,
buy,DATA/BTC,1.9866603978228804e-17,62844.03,1.1236477107653372e-11,,,
buy,DATA/BTC,1.7898276460327075e-17,62779.66,1.0112829396888035e-11,,,
buy,DATA/BTC,1.6116607281214976e-17,62747.88,9.101546457199231e-12,,,
buy,DATA/BTC,1.4446440521252073e-17,63002.0,8.191391811479307e-12,,,
buy,DATA/BTC,1.2965393680514659e-17,63178.89,7.372252630331376e-12,,,
buy,DATA/BTC,1.1737291466557709e-17,62810.51,6.635027367298239e-12,,,
buy,DATA/BTC,1.0567534576955127e-17,62786.9,5.971524630568415e-12,,,
buy,DATA/BTC,9.452698128413723e-18,63172.7,5.374372167511574e-12,,,
buy,DATA/BTC,8.518326237087204e-18,63091.88,4.8369349507604166e-12,,,
buy,DATA/BTC,7.689665520901826e-18,62901.76,4.353241455684375e-12,,,
buy,DATA/BTC,6.935226152117851e-18,62770.0,3.9179173101159374e-12,,,
buy,DATA/BTC,6.224835887771908e-18,62940.09,3.5261255791043437e-12,,,
buy,DATA/BTC,5.61350705468906e-18,62815.02,3.1735130211939094e-12,,,
buy,DATA/BTC,5.0653012109171114e-18,62652.01,2.8561617190745183e-12,,,
buy,DATA/BTC,4.5667905979239206e-18,62541.99,2.5705455471670664e-12,,,
buy,DATA/BTC,4.113632416556699e-18,62488.46,2.31349099245036e-12,,,
buy,DATA/BTC,3.698613677858143e-18,62550.22,2.082141893205324e-12,,,
buy,DATA/BTC,3.3198886895900742e-18,62717.22,1.8739277038847917e-12,,,
buy,DATA/BTC,3.0204184357800127e-18,62041.99,1.6865349334963125e-12,,,
buy,DATA/BTC,2.718665802691516e-18,62035.39,1.5178814401466811e-12,,,
buy,DATA/BTC,2.4536965047073773e-18,61861.01,1.366093296132013e-12,,,
buy,DATA/BTC,2.210584214807529e-18,61797.84,1.2294839665188118e-12,,,
buy,DATA/BTC,1.9920672183911145e-18,61719.0,1.1065355698669306e-12,,,
buy,DATA/BTC,1.7905520627207566e-18,61798.57,9.958820128802377e-13,,,
buy,DATA/BTC,1.6175704768162794e-18,61566.53,8.962938115922139e-13,,,
buy,DATA/BTC,1.452758853319477e-18,61695.98,8.066644304329925e-13,,,
buy,DATA/BTC,1.3052032618624577e-18,61803.74,7.259979873896932e-13,,,
buy,DATA/BTC,1.174989783370277e-18,61787.6,6.533981886507239e-13,,,
buy,DATA/BTC,1.0636893299824866e-18,61427.54,5.880583697856515e-13,,,
buy,DATA/BTC,9.59077657495584e-19,61314.99,5.292525328070864e-13,,,
buy,DATA/BTC,8.615538544800365e-19,61430.0,4.763272795263777e-13,,,
buy,DATA/BTC,7.733023827589871e-19,61596.51,4.2869455157373996e-13,,,
buy,DATA/BTC,6.958193040837824e-19,61610.04,3.8582509641636594e-13,,,
buy,DATA/BTC,6.253793428114759e-19,61694.57,3.4724258677472933e-13,,,
buy,DATA/BTC,5.627118001275173e-19,61708.78,3.125183280972564e-13,,,
buy,DATA/BTC,5.075204073716815e-19,61577.49,2.8126649528753077e-13,,,
buy,DATA/BTC,4.578028141828854e-19,61438.35,2.531398457587777e-13,,,
buy,DATA/BTC,4.103019430578515e-19,61695.99,2.2782586118289994e-13,,,
buy,DATA/BTC,3.68805361968407e-19,61774.01,2.0504327506460995e-13,,,
buy,DATA/BTC,3.3098193408039286e-19,61949.99,1.8453894755814896e-13,,,
buy,DATA/BTC,2.981243094638917e-19,61900.0,1.6608505280233405e-13,,,
buy,DATA/BTC,2.681876630037979e-19,61928.67,1.4947654752210064e-13,,,
buy,DATA/BTC,2.4123614191122997e-19,61962.75,1.3452889276989059e-13,,,
buy,DATA/BTC,2.163016420117916e-19,62195.04,1.2107600349290152e-13,,,
buy,DATA/BTC,1.948329012843039e-19,62143.51,1.0896840314361136e-13,,,
buy,DATA/BTC,1.739320637350744e-19,62649.98,9.807156282925022e-14,,,
buy,DATA/BTC,1.5647711569301525e-19,62674.7,8.82644065463252e-14,,,
buy,DATA/BTC,1.412972484852449e-19,62467.18,7.943796589169268e-14,,,
buy,DATA/BTC,1.245937790472452e-19,63757.57,7.149416930252342e-14,,,
buy,DATA/BTC,1.114553819451305e-19,64146.0,6.434475237227108e-14,,,
buy,DATA/BTC,9.975932147008253e-20,64499.99,5.791027713504397e-14,,,
buy,DATA/BTC,8.947110045534712e-20,64725.12,5.2119249421539575e-14,,,
buy,DATA/BTC,8.048153950730687e-20,64759.26,4.690732447938562e-14,,,
buy,DATA/BTC,7.211345915815628e-20,65046.56,4.2216592031447054e-14,,,
buy,DATA/BTC,6.423971295136844e-20,65717.28,3.799493282830235e-14,,,
buy,DATA/BTC,5.756264647791936e-20,66006.23,3.419543954547211e-14,,,
buy,DATA/BTC,5.1865589455915216e-20,65930.88,3.07758955909249e-14,,,
buy,DATA/BTC,4.6729274618664385e-20,65859.99,2.7698306031832412e-14,,,
buy,DATA/BTC,4.189330292605926e-20,66116.31,2.492847542864917e-14,,,
buy,DATA/BTC,3.7652604598322996e-20,66206.51,2.2435627885784252e-14,,,
buy,DATA/BTC,3.3950217656319096e-20,66083.9,2.0192065097205827e-14,,,
buy,DATA/BTC,3.060053368481071e-20,65985.99,1.8172858587485245e-14,,,
buy,DATA/BTC,2.7572437706615094e-20,65909.51,1.635557272873672e-14,,,
buy,DATA/BTC,2.4790414620871088e-20,65975.39,1.472001545586305e-14,,,
buy,DATA/BTC,2.2366309711470427e-20,65813.34,1.3248013910276745e-14,,,
buy,DATA/BTC,2.0139272026092166e-20,65781.99,1.1923212519249071e-14,,,
buy,DATA/BTC,1.8076938675422126e-20,65958.14,1.0730891267324164e-14,,,
buy,DATA/BTC,1.6223867859066008e-20,66142.62,9.657802140591748e-15,,,
buy,DATA/BTC,1.456745351923545e-20,66297.12,8.692021926532574e-15,,,
buy,DATA/BTC,1.309735934354937e-20,66364.69,7.822819733879317e-15,,,
buy,DATA/BTC,1.182230577887157e-20,66170.0,7.040537760491385e-15,,,
buy,DATA/BTC,1.0586668283353068e-20,66503.81,6.336483984442246e-15,,,
buy,DATA/BTC,9.599132000013705e-21,66011.01,5.702835585998021e-15,,,
buy,DATA/BTC,8.597923090164287e-21,66328.06,5.132552027398219e-15,,,
buy,DATA/BTC,7.824167288983196e-21,65598.7,4.619296824658397e-15,,,
buy,DATA/BTC,7.018193142817203e-21,65818.89,4.157367142192557e-15,,,
buy,DATA/BTC,6.3807358120477625e-21,65154.98,3.741630427973302e-15,,,
buy,DATA/BTC,5.756797335138552e-21,64995.0,3.3674673851759715e-15,,,
buy,DATA/BTC,5.170998372714388e-21,65122.19,3.0307206466583745e-15,,,
buy,DATA/BTC,4.64928296364477e-21,65186.84,2.727648581992537e-15,,,
buy,DATA/BTC,4.1787737242489526e-21,65273.9,2.4548837237932833e-15,,,
buy,DATA/BTC,3.750090279555027e-21,65461.99,2.209395351413955e-15,,,
buy,DATA/BTC,3.3773002138124976e-21,65418.98,1.9884558162725596e-15,,,
buy,DATA/BTC,3.0481327741147144e-21,65235.21,1.7896102346453035e-15,,,
buy,DATA/BTC,2.731866507265911e-21,65508.7,1.6106492111807731e-15,,,
buy,DATA/BTC,2.4649965590898878e-21,65340.83,1.4495842900626957e-15,,,
buy,DATA/BTC,2.2169643196750005e-21,65386.0,1.3046258610564262e-15,,,
buy,DATA/BTC,1.9892280406010782e-21,65584.53,1.1741632749507835e-15,,,
buy,DATA/BTC,1.7939355305082986e-21,65451.81,1.056746947455705e-15,,,
buy,DATA/BTC,1.6084430872146328e-21,65699.99,9.510722527101347e-16,,,
buy,DATA/BTC,1.4419895043118954e-21,65955.56,8.559650274391212e-16,,,
buy,DATA/BTC,1.2893577507487112e-21,66386.93,7.703685246952091e-16,,,
buy,DATA/BTC,1.164648693337782e-21,66146.0,6.933316722256882e-16,,,
buy,DATA/BTC,1.0450488039850343e-21,66344.43,6.239985050031193e-16,,,
buy,DATA/BTC,9.383369846906636e-22,66500.47,5.615986545028073e-16,,,
buy,DATA/BTC,8.481058614174296e-22,66217.99,5.054387890525266e-16,,,
buy,DATA/BTC,7.614326867766385e-22,66379.97,4.548949101472739e-16,,,
buy,DATA/BTC,6.898198049607439e-22,65944.02,4.0940541913254653e-16,,,
buy,DATA/BTC,6.128211735932154e-22,66806.67,3.6846487721929187e-16,,,
buy,DATA/BTC,5.483508947146167e-22,67195.09,3.316183894973627e-16,,,
buy,DATA/BTC,4.954704758663719e-22,66930.0,2.984565505476264e-16,,,
buy,DATA/BTC,4.474442574164397e-22,66702.51,2.6861089549286375e-16,,,
buy,DATA/BTC,4.019798507809313e-22,66821.98,2.417498059435774e-16,,,
buy,DATA/BTC,3.6056234637843343e-22,67047.99,2.1757482534921967e-16,,,
buy,DATA/BTC,3.252725748979215e-22,66890.0,1.958173428142977e-16,,,
buy,DATA/BTC,2.930930504696523e-22,66810.64,1.7623560853286792e-16,,,
buy,DATA/BTC,2.6393797442755293e-22,66771.6,1.5861204767958113e-16,,,
buy,DATA/BTC,2.366496295052237e-22,67024.0,1.42750842911623e-16,,,
buy,DATA/BTC,2.134062636448364e-22,66891.59,1.284757586204607e-16,,,
buy,DATA/BTC,1.9181214959939633e-22,66979.99,1.1562818275841464e-16,,,
buy,DATA/BTC,1.7281706519999468e-22,66907.85,1.0406536448257317e-16,,,
buy,DATA/BTC,1.5544890763048564e-22,66945.06,9.365882803431585e-17,,,
buy,DATA/BTC,1.4003257604901028e-22,66883.6,8.429294523088426e-17,,,
buy,DATA/BTC,1.260837984926778e-22,66854.7,7.586365070779583e-17,,,
buy,DATA/BTC,1.1336463941781832e-22,66920.03,6.827728563701624e-17,,,
buy,DATA/BTC,1.0207854355728602e-22,66887.01,6.144955707331461e-17,,,
buy,DATA/BTC,9.167800464452716e-23,67027.59,5.5304601365983153e-17,,,
buy,DATA/BTC,8.239043076179356e-23,67125.03,4.977414122938484e-17,,,
buy,DATA/BTC,7.404419049802861e-23,67222.21,4.4796727106446353e-17,,,
buy,DATA/BTC,6.66709139336858e-23,67190.81,4.0317054395801715e-17,,,
buy,DATA/BTC,6.022145608225387e-23,66947.99,3.6285348956221546e-17,,,
buy,DATA/BTC,5.426805748129472e-23,66863.18,3.265681406059939e-17,,,
buy,DATA/BTC,4.889208655522005e-23,66793.66,2.9391132654539455e-17,,,
buy,DATA/BTC,4.3983142871076375e-23,66823.63,2.645201938908551e-17,,,
buy,DATA/BTC,3.954663341676938e-23,66888.17,2.3806817450176958e-17,,,
buy,DATA/BTC,3.5603494020889613e-23,66866.52,2.1426135705159263e-17,,,
buy,DATA/BTC,3.207680615057449e-23,66796.35,1.9283522134643336e-17,,,
buy,DATA/BTC,2.881896140764379e-23,66912.62,1.7355169921179004e-17,,,
buy,DATA/BTC,2.591716045854931e-23,66964.01,1.5619652929061104e-17,,,
buy,DATA/BTC,2.3348010014846354e-23,66899.29,1.4057687636154993e-17,,,
buy,DATA/BTC,2.1002939754011526e-23,66932.0,1.2651918872539494e-17,,,
buy,DATA/BTC,1.890739155309929e-23,66915.2,1.1386726985285544e-17,,,
buy,DATA/BTC,1.7018860023336355e-23,66906.52,1.0248054286756989e-17,,,
buy,DATA/BTC,1.5313888653253122e-23,66920.0,9.22324885808129e-18,,,
buy,DATA/BTC,1.37227039053992e-23,67211.6,8.300923972273161e-18,,,
buy,DATA/BTC,1.235804563969314e-23,67170.2,7.470831575045844e-18,,,
buy,DATA/BTC,1.1125298577588376e-23,67151.74,6.7237484175412595e-18,,,
buy,DATA/BTC,1.0020843385289852e-23,67097.63,6.0513735757871335e-18,,,
buy,DATA/BTC,9.028849916665672e-24,67022.64,5.44623621820842e-18,,,
buy,DATA/BTC,8.08953809078608e-24,67324.44,4.901612596387578e-18,,,
buy,DATA/BTC,7.298410655728972e-24,67160.0,4.41145133674882e-18,,,
buy,DATA/BTC,6.5666130992669105e-24,67180.01,3.970306203073938e-18,,,
buy,DATA/BTC,5.902045790209512e-24,67270.0,3.573275582766544e-18,,,
buy,DATA/BTC,5.3071068647792335e-24,67330.01,3.2159480244898895e-18,,,
buy,DATA/BTC,4.811917025543657e-24,66832.99,2.8943532220409005e-18,,,
buy,DATA/BTC,4.316709401509084e-24,67049.99,2.6049178998368105e-18,,,
buy,DATA/BTC,3.892119740372954e-24,66928.0,2.3444261098531293e-18,,,
buy,DATA/BTC,3.504904045056037e-24,66889.88,2.1099834988678166e-18,,,
buy,DATA/BTC,3.1651968120785706e-24,66662.0,1.898985148981035e-18,,,
buy,DATA/BTC,2.8462003362724845e-24,66720.01,1.7090866340829316e-18,,,
buy,DATA/BTC,2.566727606336104e-24,66586.21,1.5381779706746384e-18,,,
buy,DATA/BTC,2.3293723502095945e-24,66034.01,1.3843601736071745e-18,,,
buy,DATA/BTC,2.09231632550507e-24,66164.0,1.2459241562464571e-18,,,
buy,DATA/BTC,1.8797890106313476e-24,66280.0,1.1213317406218115e-18,,,
buy,DATA/BTC,1.689678636562736e-24,66363.61,1.0091985665596304e-18,,,
buy,DATA/BTC,1.5227669471582074e-24,66274.0,9.082787099036673e-19,,,
buy,DATA/BTC,1.366654900043872e-24,66459.99,8.174508389133006e-19,,,
buy,DATA/BTC,1.22887240442526e-24,66520.4,7.357057550219705e-19,,,
buy,DATA/BTC,1.1034369234403003e-24,66674.02,6.621351795197735e-19,,,
buy,DATA/BTC,9.930755066534827e-25,66675.21,5.959216615677961e-19,,,
buy,DATA/BTC,8.876806229116596e-25,67132.44,5.363294954110165e-19,,,
buy,DATA/BTC,7.988659132115838e-25,67136.36,4.826965458699148e-19,,,
buy,DATA/BTC,7.2684305554225165e-25,66410.01,4.3442689128292335e-19,,,
buy,DATA/BTC,6.5009489882615065e-25,66825.15,3.90984202154631e-19,,,
buy,DATA/BTC,5.856387519708155e-25,66762.01,3.518857819391679e-19,,,
buy,DATA/BTC,5.260348152834131e-25,66894.01,3.166972037452511e-19,,,
buy,DATA/BTC,4.719076199452408e-25,67110.0,2.8502748337072596e-19,,,
buy,DATA/BTC,4.254509843698798e-25,66994.2,2.565247350336534e-19,,,
buy,DATA/BTC,3.8323652755997245e-25,66936.4,2.3087226153028804e-19,,,
buy,DATA/BTC,3.4407202733933464e-25,67099.98,2.0778503537725923e-19,,,
buy,DATA/BTC,3.100991484005302e-25,67006.0,1.870065318395333e-19,,,
buy,DATA/BTC,2.773754551164837e-25,67420.0,1.6830587865557996e-19,,,
buy,DATA/BTC,2.4681878657326303e-25,68190.06,1.5147529079002195e-19,,,
buy,DATA/BTC,2.2167707224678917e-25,68331.51,1.3632776171101977e-19,,,
buy,DATA/BTC,1.9835718864338766e-25,68728.42,1.226949855399178e-19,,,
buy,DATA/BTC,1.7527855077131112e-25,70000.0,1.1042548698592601e-19,,,
buy,DATA/BTC,1.5888561564674472e-25,69499.99,9.93829382873334e-20,,,
buy,DATA/BTC,1.4255030750731292e-25,69717.8,8.944464445860006e-20,,,
buy,DATA/BTC,1.2852946512676906e-25,69590.77,8.050018001274006e-20,,,
buy,DATA/BTC,1.1267178211193205e-25,71446.62,7.245016201146605e-20,,,
buy,DATA/BTC,1.0159557564733002e-25,71312.32,6.520514581031945e-20,,,
buy,DATA/BTC,9.172201786344998e-26,71089.96,5.868463122928751e-20,,,
buy,DATA/BTC,8.23253291726235e-26,71283.81,5.281616810635876e-20,,,
buy,DATA/BTC,7.409260916281308e-26,71283.99,4.753455129572288e-20,,,
buy,DATA/BTC,6.703503679624764e-26,70910.01,4.278109616615059e-20,,,
buy,DATA/BTC,6.007748106568738e-26,71209.87,3.850298654953553e-20,,,
buy,DATA/BTC,5.407311965416045e-26,71205.41,3.4652687894581976e-20,,,
buy,DATA/BTC,4.889040495410017e-26,70878.3,3.1187419105123777e-20,,,
buy,DATA/BTC,4.3977966477701975e-26,70916.01,2.80686771946114e-20,,,
buy,DATA/BTC,3.953890588368816e-26,70990.02,2.5261809475150262e-20,,,
buy,DATA/BTC,3.555197735637806e-26,71055.99,2.2735628527635237e-20,,,
buy,DATA/BTC,3.196348731566883e-26,71130.0,2.0462065674871712e-20,,,
buy,DATA/BTC,2.867844224627321e-26,71349.99,1.8415859107384542e-20,,,
buy,DATA/BTC,2.6086293807608915e-26,70595.92,1.6574273196646086e-20,,,
buy,DATA/BTC,2.3605633749897045e-26,70213.21,1.4916845876981478e-20,,,
buy,DATA/BTC,2.1362575904709468e-26,69827.0,1.342516128928333e-20,,,
buy,DATA/BTC,1.92701865723269e-26,69668.04,1.2082645160354997e-20,,,
buy,DATA/BTC,1.7296243056863978e-26,69857.05,1.0874380644319498e-20,,,
buy,DATA/BTC,1.557270676408003e-26,69829.74,9.786942579887549e-21,,,
buy,DATA/BTC,1.4125427925454407e-26,69285.99,8.808248321898794e-21,,,
buy,DATA/BTC,1.2632478554790532e-26,69727.0,7.927423489708914e-21,,,
buy,DATA/BTC,1.1369108410509324e-26,69727.75,7.134681140738023e-21,,,
buy,DATA/BTC,1.0160148962469313e-26,70222.21,6.421213026664221e-21,,,
buy,DATA/BTC,9.153763334476941e-27,70148.34,5.7790917239977986e-21,,,
buy,DATA/BTC,8.241716662860523e-27,70120.0,5.2011825515980186e-21,,,
buy,DATA/BTC,7.413361500929979e-27,70159.57,4.681064296438217e-21,,,
buy,DATA/BTC,6.686947170469123e-27,70003.01,4.212957866794395e-21,,,
buy,DATA/BTC,6.022320786340838e-27,69955.72,3.791662080114955e-21,,,
buy,DATA/BTC,5.447792693179258e-27,69599.97,3.4124958721034594e-21,,,
buy,DATA/BTC,4.882099650324586e-27,69898.12,3.0712462848931135e-21,,,
buy,DATA/BTC,4.396659844196808e-27,69854.08,2.7641216564038023e-21,,,
buy,DATA/BTC,3.964887981644986e-27,69715.0,2.487709490763422e-21,,,
buy,DATA/BTC,3.553349881522254e-27,70010.26,2.23893854168708e-21,,,
buy,DATA/BTC,3.1990571762324242e-27,69987.45,2.015044687518372e-21,,,
buy,DATA/BTC,2.8708429797953725e-27,70190.0,1.813540218766535e-21,,,
buy,DATA/BTC,2.6005744206182545e-27,69736.14,1.6321861968898813e-21,,,
buy,DATA/BTC,2.343617553889705e-27,69643.88,1.4689675772008932e-21,,,
buy,DATA/BTC,2.1109835319544334e-27,69586.88,1.3220708194808039e-21,,,
buy,DATA/BTC,1.8855848194318415e-27,70114.63,1.1898637375327235e-21,,,
buy,DATA/BTC,1.6888066243045452e-27,70455.89,1.070877363779451e-21,,,
buy,DATA/BTC,1.5248175224864451e-27,70229.87,9.637896274015059e-22,,,
buy,DATA/BTC,1.3795320181426671e-27,69863.52,8.674106646613553e-22,,,
buy,DATA/BTC,1.2467346771111227e-27,69574.6,7.806695981952197e-22,,,
buy,DATA/BTC,1.121048030737499e-27,69637.48,7.026026383756978e-22,,,
buy,DATA/BTC,1.011783122633382e-27,69442.02,6.32342374538128e-22,,,
buy,DATA/BTC,9.098743377494384e-28,69497.77,5.691081370843152e-22,,,
buy,DATA/BTC,8.231090559566084e-28,69141.28,5.121973233758837e-22,,,
buy,DATA/BTC,7.405267502964345e-28,69166.62,4.609775910382954e-22,,,
buy,DATA/BTC,6.632789226881274e-28,69499.81,4.1487983193446588e-22,,,
buy,DATA/BTC,5.970941615837306e-28,69483.15,3.7339184874101926e-22,,,
buy,DATA/BTC,5.372092402884351e-28,69505.85,3.3605266386691735e-22,,,
buy,DATA/BTC,4.839040209677851e-28,69446.14,3.0244739748022563e-22,,,
buy,DATA/BTC,4.348632602159966e-28,69550.0,2.7220265773220305e-22,,,
buy,DATA/BTC,3.917774992263161e-28,69478.89,2.4498239195898274e-22,,,
buy,DATA/BTC,3.521815144016405e-28,69561.4,2.204841527630845e-22,,,
buy,DATA/BTC,3.161786139813828e-28,69734.05,1.9843573748677603e-22,,,
buy,DATA/BTC,2.847488318816141e-28,69687.99,1.7859216373809842e-22,,,
buy,DATA/BTC,2.564319556638963e-28,69645.05,1.6073294736428858e-22,,,
buy,DATA/BTC,2.3114663969064135e-28,69537.22,1.4465965262785973e-22,,,
buy,DATA/BTC,2.0670767387700813e-28,69982.72,1.3019368736507375e-22,,,
buy,DATA/BTC,1.8752188382077767e-28,69428.53,1.1717431862856637e-22,,,
buy,DATA/BTC,1.7222364265310522e-28,68036.14,1.0545688676570972e-22,,,
buy,DATA/BTC,1.5565909204602212e-28,67748.62,9.491119808913875e-23,,,
buy,DATA/BTC,1.394194900274513e-28,68075.99,8.542007828022487e-23,,,
buy,DATA/BTC,1.259459996777261e-28,67822.78,7.687807045220238e-23,,,
buy,DATA/BTC,1.13658963474909e-28,67639.25,6.919026340698214e-23,,,
buy,DATA/BTC,1.0266676371967456e-28,67393.05,6.227123706628393e-23,,,
buy,DATA/BTC,9.266555892767221e-29,67199.98,5.604411335965554e-23,,,
buy,DATA/BTC,8.265741085616785e-29,67802.89,5.0439702023689986e-23,,,
buy,DATA/BTC,7.418390897340864e-29,67992.78,4.5395731821320986e-23,,,
buy,DATA/BTC,6.706765046922368e-29,67686.48,4.085615863918889e-23,,,
buy,DATA/BTC,6.010940563655739e-29,67969.66,3.677054277527e-23,,,
buy,DATA/BTC,5.41922834912727e-29,67851.99,3.3093488497743e-23,,,
buy,DATA/BTC,4.88522388068246e-29,67742.01,2.97841396479687e-23,,,
buy,DATA/BTC,4.3814135682504787e-29,67978.38,2.680572568317183e-23,,,
buy,DATA/BTC,3.94829918167942e-29,67891.83,2.4125153114854646e-23,,,
buy,DATA/BTC,3.5631049748095097e-29,67708.23,2.171263780336918e-23,,,
buy,DATA/BTC,3.2262468097497756e-29,67299.99,1.9541374023032263e-23,,,
buy,DATA/BTC,2.921549942661851e-29,66887.01,1.7587236620729037e-23,,,
buy,DATA/BTC,2.6188657681799715e-29,67155.93,1.5828512958656134e-23,,,
buy,DATA/BTC,2.3557787798741537e-29,67190.15,1.424566166279052e-23,,,
buy,DATA/BTC,2.1143760747144566e-29,67375.25,1.2821095496511468e-23,,,
buy,DATA/BTC,1.9035549483539992e-29,67353.43,1.153898594686032e-23,,,
buy,DATA/BTC,1.713286703320018e-29,67350.0,1.0385087352174288e-23,,,
buy,DATA/BTC,1.5387594239404786e-29,67490.0,9.346578616956859e-24,,,
buy,DATA/BTC,1.39340785903701e-29,67077.12,8.411920755261174e-24,,,
buy,DATA/BTC,1.2394259563849932e-29,67869.49,7.570728679735056e-24,,,
buy,DATA/BTC,1.1080229650028782e-29,68326.46,6.813655811761551e-24,,,
buy,DATA/BTC,9.962312384656432e-30,68394.32,6.132290230585396e-24,,,
buy,DATA/BTC,8.897819833458741e-30,68919.02,5.5190612075268565e-24,,,
buy,DATA/BTC,8.002068723548421e-30,68970.43,4.9671550867741706e-24,,,
buy,DATA/BTC,7.186695590186483e-30,69115.98,4.470439578096753e-24,,,
buy,DATA/BTC,6.494243177061788e-30,68836.96,4.023395620287078e-24,,,
buy,DATA/BTC,5.841506772225093e-30,68875.99,3.62105605825837e-24,,,
buy,DATA/BTC,5.264081029043395e-30,68788.0,3.2589504524325327e-24,,,
buy,DATA/BTC,4.7541224330339546e-30,68549.99,2.9330554071892796e-24,,,
buy,DATA/BTC,4.2799033183132616e-30,68530.88,2.6397498664703516e-24,,,
buy,DATA/BTC,3.847277562154872e-30,68613.45,2.3757748798233164e-24,,,
buy,DATA/BTC,3.452297084687984e-30,68817.22,2.1381973918409848e-24,,,
buy,DATA/BTC,3.1097506725647357e-30,68757.84,1.9243776526568864e-24,,,
buy,DATA/BTC,2.797696122908281e-30,68784.37,1.7319398873911977e-24,,,
buy,DATA/BTC,2.520350700914936e-30,68718.21,1.5587458986520778e-24,,,
buy,DATA/BTC,2.2702258152802192e-30,68660.39,1.40287130878687e-24,,,
buy,DATA/BTC,2.0404234474841953e-30,68753.93,1.262584177908183e-24,,,
buy,DATA/BTC,1.8331080920238515e-30,68876.69,1.1363257601173646e-24,,,
buy,DATA/BTC,1.6445782180420813e-30,69095.27,1.0226931841056282e-24,,,
buy,DATA/BTC,1.4738761516481644e-30,69388.0,9.204238656950654e-25,,,
buy,DATA/BTC,1.3319269631160516e-30,69104.68,8.283814791255588e-25,,,
buy,DATA/BTC,1.198532559283849e-30,69116.31,7.455433312130029e-25,,,
buy,DATA/BTC,1.0800907472866421e-30,69025.99,6.709889980917026e-25,,,
buy,DATA/BTC,9.721427959078097e-31,69021.65,6.038900982825323e-25,,,
buy,DATA/BTC,8.760868729779887e-31,68930.39,5.435010884542791e-25,,,
buy,DATA/BTC,7.884070430128187e-31,68936.61,4.891509796088512e-25,,,
buy,DATA/BTC,7.08245735524865e-31,69065.15,4.402358816479661e-25,,,
buy,DATA/BTC,6.36057690798816e-31,69213.2,3.9621229348316945e-25,,,
buy,DATA/BTC,5.729310391205904e-31,69155.32,3.565910641348525e-25,,,
buy,DATA/BTC,5.160507440446491e-31,69100.0,3.2093195772136727e-25,,,
buy,DATA/BTC,4.6418355036181785e-31,69139.02,2.888387619492305e-25,,,
buy,DATA/BTC,4.178258093301095e-31,69128.99,2.5995488575430746e-25,,,
buy,DATA/BTC,3.7516638017402003e-31,69290.56,2.339593971788767e-25,,,
buy,DATA/BTC,3.383066738218077e-31,69156.01,2.1056345746098903e-25,,,
buy,DATA/BTC,3.0445210143251647e-31,69161.44,1.8950711171489012e-25,,,
buy,DATA/BTC,2.750306393168613e-31,68904.0,1.705564005434011e-25,,,
buy,DATA/BTC,2.4691973657005545e-31,69073.62,1.53500760489061e-25,,,
buy,DATA/BTC,2.225487614810467e-31,68973.99,1.3815068444015491e-25,,,
buy,DATA/BTC,1.9981415053250234e-31,69139.59,1.2433561599613942e-25,,,
buy,DATA/BTC,1.7992108313610788e-31,69105.64,1.1190205439652548e-25,,,
buy,DATA/BTC,1.6138130398967276e-31,69340.16,1.0071184895687292e-25,,,
buy,DATA/BTC,1.4562085449701928e-31,69160.32,9.064066406118564e-26,,,
buy,DATA/BTC,1.3119873141886343e-31,69086.54,8.157659765506707e-26,,,
buy,DATA/BTC,1.1784620739842574e-31,69222.93,7.341893788956036e-26,,,
buy,DATA/BTC,1.061966203319862e-31,69134.91,6.607704410060432e-26,,,
buy,DATA/BTC,9.577325667352529e-32,68993.21,5.946933969054389e-26,,,
buy,DATA/BTC,8.601771965974949e-32,69136.15,5.35224057214895e-26,,,
buy,DATA/BTC,7.724727690545833e-32,69287.11,4.817016514934055e-26,,,
buy,DATA/BTC,6.996598178964809e-32,68847.98,4.3353148634406497e-26,,,
buy,DATA/BTC,6.300541259939199e-32,68808.61,3.9017833770965847e-26,,,
buy,DATA/BTC,5.672999265604718e-32,68778.14,3.511605039386926e-26,,,
buy,DATA/BTC,5.104065964081367e-32,68800.15,3.1604445354482335e-26,,,
buy,DATA/BTC,4.5867672315891996e-32,68903.53,2.8444000819034104e-26,,,
buy,DATA/BTC,4.1390641732507823e-32,68720.85,2.5599600737130692e-26,,,
buy,DATA/BTC,3.7361851286903347e-32,68518.02,2.3039640663417622e-26,,,
buy,DATA/BTC,3.360507191206306e-32,68560.01,2.073567659707586e-26,,,
buy,DATA/BTC,3.026767163016325e-32,68507.67,1.8662108937368272e-26,,,
buy,DATA/ETH,6.488956438281307e-31,2875.98,1.6795898043631445e-26,,,
buy,DATA/ETH,5.802814376401461e-31,2894.44,1.51163082392683e-26,,,
buy,DATA/ETH,5.202832050412439e-31,2905.4,1.3604677415341472e-26,,,
buy,DATA/ETH,4.6639278077961855e-31,2917.0,1.2244209673807324e-26,,,
buy,DATA/ETH,4.237278579271925e-31,2889.64,1.1019788706426592e-26,,,
buy,DATA/ETH,3.792081454379419e-31,2906.0,9.917809835783932e-27,,,
buy,DATA/ETH,3.437167673710234e-31,2885.46,8.926028852205539e-27,,,
buy,DATA/ETH,3.087522951299045e-31,2891.0,8.033425966984984e-27,,,
buy,DATA/ETH,2.7493654744089447e-31,2921.92,7.230083370286486e-27,,,
buy,DATA/ETH,2.4180557351361474e-31,2990.04,6.507075033257837e-27,,,
buy,DATA/ETH,2.2238427344911525e-31,2926.05,5.856367529932053e-27,,,
buy,DATA/ETH,1.9911490309846503e-31,2941.2,5.270730776938848e-27,,,
buy,DATA/ETH,1.7758526876478598e-31,2968.0,4.743657699244963e-27,,,
sell,DATA/ETH,4.787084699422078e-31,2969.56,6.1652112232465456e-27,,,
sell,DATA/ETH,4.30837622947987e-31,2972.46,7.445858823954519e-27,,,
buy,DATA/ETH,2.5253810779214964e-31,2948.41,6.701272941559067e-27,,,
buy,DATA/ETH,2.3060047768449067e-31,2906.01,6.0311456474031604e-27,,,
buy,DATA/ETH,2.067450405151245e-31,2917.19,5.428031082662844e-27,,,
buy,DATA/ETH,1.8529877319337612e-31,2929.34,4.885227974396559e-27,,,
buy,DATA/ETH,1.6714205468716845e-31,2922.8,4.3967051769569035e-27,,,
buy,DATA/ETH,1.5077605586176175e-31,2916.05,3.957034659261213e-27,,,
buy,DATA/ETH,1.3576595962606236e-31,2914.6,3.561331193335092e-27,,,
buy,DATA/ETH,1.219124610037961e-31,2921.22,3.2051980740015825e-27,,,
buy,DATA/ETH,1.0895363634514863e-31,2941.8,2.8846782666014242e-27,,,
buy,DATA/ETH,9.790651063011392e-32,2946.36,2.5962104399412818e-27,,,
buy,DATA/ETH,8.754241686306866e-32,2965.66,2.3365893959471537e-27,,,
buy,DATA/ETH,7.800227658275817e-32,2995.54,2.1029304563524382e-27,,,
buy,DATA/ETH,7.050638388366023e-32,2982.61,1.8926374107171944e-27,,,
buy,DATA/ETH,6.381540935724575e-32,2965.8,1.703373669645475e-27,,,
buy,DATA/ETH,5.692618162404462e-32,2992.25,1.5330363026809275e-27,,,
buy,DATA/ETH,5.126937363488669e-32,2990.16,1.3797326724128347e-27,,,
buy,DATA/ETH,4.6278633657553423e-32,2981.36,1.2417594051715512e-27,,,
buy,DATA/ETH,4.1495580805796847e-32,2992.51,1.117583464654396e-27,,,
buy,DATA/ETH,3.7355135225664854e-32,2991.78,1.0058251181889563e-27,,,
buy,DATA/ETH,3.3529739255582247e-32,2999.8,9.052426063700606e-28,,,
buy,DATA/ETH,3.0316127754765073e-32,2986.01,8.147183457330545e-28,,,
buy,DATA/ETH,2.7189089425729925e-32,2996.49,7.33246511159749e-28,,,
buy,DATA/ETH,2.4462669810261162e-32,2997.41,6.599218600437741e-28,,,
buy,DATA/ETH,2.2099124973420117e-32,2986.19,5.939296740393967e-28,,,
buy,DATA/ETH,1.9906477880392705e-32,2983.6,5.34536706635457e-28,,,
buy,DATA/ETH,1.7776471043650197e-32,3006.99,4.810830359719113e-28,,,
buy,DATA/ETH,1.5971204869942178e-32,3012.19,4.3297473237472015e-28,,,
buy,DATA/ETH,1.438387358643519e-32,3010.14,3.8967725913724815e-28,,,
buy,DATA/ETH,1.2971946043184025e-32,3004.0,3.5070953322352333e-28,,,
buy,DATA/ETH,1.1701277971150424e-32,2997.19,3.15638579901171e-28,,,
buy,DATA/ETH,1.0584759269793564e-32,2982.01,2.8407472191105393e-28,,,
buy,DATA/ETH,9.568027009466284e-33,2969.0,2.5566724971994853e-28,,,
buy,DATA/ETH,8.602213569482575e-33,2972.11,2.301005247479537e-28,,,
buy,DATA/ETH,7.713211475863291e-33,2983.2,2.070904722731583e-28,,,
buy,DATA/ETH,6.970372778050504e-33,2971.01,1.8638142504584246e-28,,,
buy,DATA/ETH,6.25548080530032e-33,2979.49,1.6774328254125822e-28,,,
buy,DATA/ETH,5.52696153348462e-33,3035.0,1.509689542871324e-28,,,
buy,DATA/ETH,4.931933626929726e-33,3061.05,1.3587205885841917e-28,,,
buy,DATA/ETH,4.447516010043148e-33,3055.01,1.2228485297257726e-28,,,
buy,DATA/ETH,3.9760708098980744e-33,3075.52,1.1005636767531954e-28,,,
buy,DATA/ETH,3.587690993161436e-33,3067.61,9.905073090778758e-29,,,
sell,DATA/ETH,6.370841316001743e-31,3079.35,2.060855751550784e-27,,,
sell,DATA/ETH,5.733757184401569e-31,3069.2,3.8206605065873134e-27,,,
buy,DATA/ETH,1.2434981518651894e-31,3072.51,3.438594455928582e-27,,,
buy,DATA/ETH,1.104595406965195e-31,3112.99,3.0947350103357237e-27,,,
buy,DATA/ETH,9.951076417099065e-32,3109.95,2.785261509302151e-27,,,
buy,DATA/ETH,8.967358368648266e-32,3106.0,2.506735358371936e-27,,,
buy,DATA/ETH,8.079440723687271e-32,3102.61,2.2560618225347424e-27,,,
buy,DATA/ETH,7.237160719380825e-32,3117.33,2.030455640281268e-27,,,
buy,DATA/ETH,6.538867388296663e-32,3105.21,1.8274100762531413e-27,,,
buy,DATA/ETH,5.89336935507771e-32,3100.79,1.644669068627827e-27,,,
buy,DATA/ETH,5.284926313071425e-32,3112.0,1.4802021617650445e-27,,,
buy,DATA/ETH,4.7488190907415313e-32,3116.99,1.33218194558854e-27,,,
buy,DATA/ETH,4.271730730419227e-32,3118.6,1.198963751029686e-27,,,
buy,DATA/ETH,3.8597436557921597e-32,3106.33,1.0790673759267175e-27,,,
buy,DATA/ETH,3.48542728840584e-32,3095.94,9.711606383340457e-28,,,
buy,DATA/ETH,3.1243003282515685e-32,3108.41,8.74044574500641e-28,,,
buy,DATA/ETH,2.813735008935378e-32,3106.35,7.866401170505769e-28,,,
buy,DATA/ETH,2.4851678399495055e-32,3165.34,7.079761053455192e-28,,,
buy,DATA/ETH,2.2615793427319373e-32,3130.45,6.371784948109673e-28,,,
buy,DATA/ETH,2.022275278694196e-32,3150.8,5.734606453298706e-28,,,
buy,DATA/ETH,1.8323709514280394e-32,3129.61,5.161145807968835e-28,,,
buy,DATA/ETH,1.6486123452273802e-32,3130.6,4.645031227171952e-28,,,
buy,DATA/ETH,1.4855543134105e-32,3126.8,4.180528104454757e-28,,,
buy,DATA/ETH,1.3363150826156363e-32,3128.4,3.7624752940092806e-28,,,
sell,DATA/ETH,6.268469127263091e-31,3122.21,2.333395228784138e-27,,,
buy,DATA/ETH,7.468059621648705e-32,3124.5,2.100055705905724e-27,,,
buy,DATA/ETH,6.694428807931489e-32,3137.02,1.8900501353151515e-27,,,
buy,DATA/ETH,6.043074581440744e-32,3127.63,1.7010451217836364e-27,,,
buy,DATA/ETH,5.449377940963872e-32,3121.54,1.5309406096052728e-27,,,
buy,DATA/ETH,4.926757448687883e-32,3107.4,1.3778465486447456e-27,,,
buy,DATA/ETH,4.4200849105129717e-32,3117.24,1.2400618937802709e-27,,,
buy,DATA/ETH,3.9895180445268184e-32,3108.3,1.1160557044022439e-27,,,
buy,DATA/ETH,3.6115969982598023e-32,3090.2,1.0044501339620195e-27,,,
buy,DATA/ETH,3.260270227863531e-32,3080.88,9.040051205658175e-28,,,
buy,DATA/ETH,2.9285209127792203e-32,3086.9,8.136046085092358e-28,,,
buy,DATA/ETH,2.633877010389239e-32,3089.0,7.322441476583123e-28,,,
buy,DATA/ETH,2.373016737341851e-32,3085.71,6.59019732892481e-28,,,
buy,DATA/ETH,2.1310740514497694e-32,3092.43,5.931177596032329e-28,,,
buy,DATA/ETH,1.909771580008478e-32,3105.7,5.338059836429096e-28,,,
buy,DATA/ETH,1.6915130082892385e-32,3155.79,4.804253852786186e-28,,,
buy,DATA/ETH,1.528104586548106e-32,3143.93,4.323828467507567e-28,,,
buy,DATA/ETH,1.3794844490800628e-32,3134.38,3.8914456207568104e-28,,,
sell,DATA/ETH,6.266007523714e-31,3138.1,2.3554803830923713e-27,,,
sell,DATA/ETH,5.6394067713426e-31,3137.19,4.124669435991201e-27,,,
buy,DATA/ETH,1.3104214449757434e-31,3147.59,3.712202492392081e-27,,,
buy,DATA/ETH,1.1772548790278287e-31,3153.27,3.340982243152873e-27,,,
buy,DATA/ETH,1.0572126407840293e-31,3160.18,3.0068840188375857e-27,,,
buy,DATA/ETH,9.551060659158465e-32,3148.22,2.7061956169538272e-27,,,
buy,DATA/ETH,8.597074210177321e-32,3147.81,2.4355760552584445e-27,,,
buy,DATA/ETH,7.757476327802286e-32,3139.65,2.1920184497326e-27,,,
buy,DATA/ETH,6.975507803569191e-32,3142.45,1.97281660475934e-27,,,
buy,DATA/ETH,6.28792181203116e-32,3137.47,1.775534944283406e-27,,,
buy,DATA/ETH,5.661240775064267e-32,3136.3,1.5979814498550653e-27,,,
buy,DATA/ETH,5.102111908860363e-32,3132.0,1.4381833048695588e-27,,,
buy,DATA/ETH,4.5854588218006595e-32,3136.4,1.2943649743826029e-27,,,
buy,DATA/ETH,4.1117318864243193e-32,3147.98,1.1649284769443426e-27,,,
buy,DATA/ETH,3.705478964769841e-32,3143.8,1.0484356292499084e-27,,,
buy,DATA/ETH,3.3469185684776845e-32,3132.54,9.435920663249176e-28,,,
buy,DATA/ETH,3.0102375297881323e-32,3134.61,8.492328596924258e-28,,,
buy,DATA/ETH,2.697613027875397e-32,3148.09,7.643095737231832e-28,,,
buy,DATA/ETH,2.4046083514440159e-32,3178.52,6.878786163508649e-28,,,
buy,DATA/ETH,2.1655782810549768e-32,3176.42,6.1909075471577845e-28,,,
buy,DATA/ETH,1.9464957356794083e-32,3180.54,5.571816792442006e-28,,,
buy,DATA/ETH,1.7424941729735666e-32,3197.61,5.014635113197805e-28,,,
buy,DATA/ETH,1.5659968500399118e-32,3202.2,4.513171601878025e-28,,,
buy,DATA/ETH,1.4345928116943715e-32,3145.96,4.061854441690222e-28,,,
buy,DATA/ETH,1.2897928832413706e-32,3149.23,3.6556689975211997e-28,,,
buy,DATA/ETH,1.1781307397246481e-32,3102.94,3.29010209776908e-28,,,
buy,DATA/ETH,1.0555449997173795e-32,3116.97,2.9610918879921717e-28,,,
buy,DATA/ETH,9.621869619725916e-33,3077.46,2.6649826991929545e-28,,,
buy,DATA/ETH,8.626633322628323e-33,3089.25,2.398484429273659e-28,,,
buy,DATA/ETH,7.80693117185665e-33,3072.25,2.158635986346293e-28,,,
buy,DATA/ETH,7.03026548318442e-33,3070.49,1.9427723877116638e-28,,,
buy,DATA/ETH,6.31487855586434e-33,3076.5,1.7484951489404974e-28,,,
buy,DATA/ETH,5.6957393371636136e-33,3069.83,1.5736456340464476e-28,,,
buy,DATA/ETH,5.1135058605604285e-33,3077.43,1.4162810706418028e-28,,,
sell,DATA/ETH,6.341895485251773e-31,3085.12,2.098178967010175e-27,,,
sell,DATA/ETH,5.707705936726595e-31,3081.79,3.8571740748846406e-27,,,
buy,DATA/ETH,1.2594483998460912e-31,3062.59,3.4714566673961764e-27,,,
buy,DATA/ETH,1.130035145751183e-31,3071.99,3.1243110006565588e-27,,,
buy,DATA/ETH,1.0096139679490974e-31,3094.56,2.811879900590903e-27,,,
buy,DATA/ETH,9.111434822562143e-32,3086.1,2.5306919105318125e-27,,,
buy,DATA/ETH,8.299554670361022e-32,3049.19,2.277622719478631e-27,,,
buy,DATA/ETH,7.428209431535759e-32,3066.18,2.049860447530768e-27,,,
buy,DATA/ETH,6.678418597667177e-32,3069.38,1.8448744027776912e-27,,,
buy,DATA/ETH,6.010615902916866e-32,3069.36,1.660386962499922e-27,,,
buy,DATA/ETH,5.395421337817385e-32,3077.4,1.4943482662499298e-27,,,
buy,DATA/ETH,4.790514383420893e-32,3119.39,1.3449134396249369e-27,,,
buy,DATA/ETH,4.3202852523431815e-32,3113.02,1.2104220956624432e-27,,,
buy,DATA/ETH,3.904574809960107e-32,3100.01,1.0893798860961989e-27,,,
buy,DATA/ETH,3.5561137497427657e-32,3063.4,9.80441897486579e-28,,,
buy,DATA/ETH,3.187485646480486e-32,3075.91,8.823977077379211e-28,,,
buy,DATA/ETH,2.8830590686816804e-32,3060.63,7.9415793696412895e-28,,,
buy,DATA/ETH,2.5685941424546506e-32,3091.8,7.147421432677161e-28,,,
buy,DATA/ETH,2.3270815139226485e-32,3071.41,6.432679289409445e-28,,,
buy,DATA/ETH,2.094448373460569e-32,3071.3,5.789411360468501e-28,,,
buy,DATA/ETH,1.8923417284061534e-32,3059.39,5.2104702244216505e-28,,,
buy,DATA/ETH,1.7095167276115024e-32,3047.92,4.689423201979486e-28,,,
buy,DATA/ETH,1.5377124294514662e-32,3049.61,4.220480881781537e-28,,,
buy,DATA/ETH,1.3846040653450575e-32,3048.15,3.7984327936033832e-28,,,
buy,DATA/ETH,1.2448980052449474e-32,3051.2,3.418589514243045e-28,,,
buy,DATA/ETH,1.125780307920282e-32,3036.64,3.0767305628187405e-28,,,
buy,DATA/ETH,1.0236353592082818e-32,3005.69,2.7690575065368663e-28,,,
buy,DATA/ETH,9.168275269469734e-33,3020.26,2.4921517558831796e-28,,,
buy,DATA/ETH,8.240588564013371e-33,3024.24,2.2429365802948616e-28,,,
buy,DATA/ETH,7.411946625518773e-33,3026.11,2.0186429222653753e-28,,,
buy,DATA/ETH,6.657090683916524e-33,3032.32,1.8167786300388378e-28,,,
buy,DATA/ETH,6.030199913830449e-33,3012.8,1.635100767034954e-28,,,
buy,DATA/ETH,5.4038626711446695e-33,3025.8,1.4715906903314586e-28,,,
buy,DATA/ETH,4.880590245826826e-33,3015.19,1.3244316212983127e-28,,,
buy,DATA/ETH,4.422127543141133e-33,2995.01,1.1919884591684815e-28,,,
buy,DATA/ETH,3.971600314427449e-33,3001.28,1.0727896132516333e-28,,,
buy,DATA/ETH,3.5778377792765996e-33,2998.43,9.655106519264699e-29,,,
buy,DATA/ETH,3.213516429945682e-33,3004.53,8.689595867338229e-29,,,
buy,DATA/ETH,2.905918071149222e-33,2990.31,7.820636280604406e-29,,,
buy,DATA/ETH,2.6049163898544453e-33,3002.26,7.038572652543966e-29,,,
buy,DATA/ETH,2.324649135525453e-33,3027.8,6.33471538728957e-29,,,
buy,DATA/ETH,2.0974350833017364e-33,3020.22,5.701243848560612e-29,,,
buy,DATA/ETH,1.895996943308961e-33,3006.99,5.131119463704551e-29,,,
buy,DATA/ETH,1.7012149474344947e-33,3016.15,4.6180075173340965e-29,,,
buy,DATA/ETH,1.5336612923297456e-33,3011.1,4.1562067656006865e-29,,,
buy,DATA/ETH,1.3810289967106451e-33,3009.5,3.740586089040618e-29,,,
buy,DATA/ETH,1.2471156098542097e-33,2999.39,3.366527480136556e-29,,,
buy,DATA/ETH,1.140573273615605e-33,2951.61,3.0298747321229e-29,,,
buy,DATA/ETH,1.0194733284397377e-33,2972.0,2.7268872589106103e-29,,,
buy,DATA/ETH,9.184005156022087e-34,2969.17,2.4541985330195493e-29,,,
buy,DATA/ETH,8.251625758252806e-34,2974.2,2.2087786797175943e-29,,,
buy,DATA/ETH,7.393624175180489e-34,2987.41,1.987900811745835e-29,,,
buy,DATA/ETH,6.6322387316239295e-34,2997.33,1.7891107305712514e-29,,,
buy,DATA/ETH,5.966705677094977e-34,2998.49,1.6101996575141263e-29,,,
buy,DATA/ETH,5.371074039961594e-34,2997.91,1.4491796917627137e-29,,,
buy,DATA/ETH,4.841589380435969e-34,2993.19,1.3042617225864422e-29,,,
buy,DATA/ETH,4.341388774524231e-34,3004.25,1.173835550327798e-29,,,
buy,DATA/ETH,3.911494374615704e-34,3000.99,1.0564519952950183e-29,,,
buy,DATA/ETH,3.540875238538198e-34,2983.59,9.508067957655165e-30,,,
buy,DATA/ETH,3.185495831430972e-34,2984.8,8.557261161889648e-30,,,
buy,DATA/ETH,2.869118657885443e-34,2982.54,7.701535045700684e-30,,,
buy,DATA/ETH,2.6060960495738643e-34,2955.2,6.931381541130616e-30,,,
buy,DATA/ETH,2.3281544878176195e-34,2977.2,6.2382433870175545e-30,,,
buy,DATA/ETH,2.0876607221918425e-34,2988.15,5.614419048315799e-30,,,
buy,DATA/ETH,1.888081842715016e-34,2973.61,5.052977143484219e-30,,,
buy,DATA/ETH,1.6915373018583292e-34,2987.21,4.547679429135798e-30,,,
buy,DATA/ETH,1.5128724410712603e-34,3005.99,4.092911486222218e-30,,,
buy,DATA/ETH,1.3667594398677017e-34,2994.61,3.6836203375999965e-30,,,
buy,DATA/ETH,1.2263241896404198e-34,3003.79,3.315258303839997e-30,,,
sell,DATA/ETH,6.392437389012788e-31,3016.8,1.931785769821218e-27,,,
sell,DATA/ETH,5.753193650111509e-31,3021.4,3.67005569926591e-27,,,
sell,DATA/ETH,5.177874285100359e-31,3021.81,5.2347109286118214e-27,,,
buy,DATA/ETH,1.7331241755574022e-31,3020.39,4.711239835750639e-27,,,
buy,DATA/ETH,1.5424688839689752e-31,3054.35,4.2401158521755756e-27,,,
buy,DATA/ETH,1.396502204099668e-31,3036.24,3.816104266958018e-27,,,
buy,DATA/ETH,1.2611051774481222e-31,3026.0,3.4344938402622164e-27,,,
buy,DATA/ETH,1.1308092454439013e-31,3037.2,3.0910444562359947e-27,,,
buy,DATA/ETH,1.0198639506658203e-31,3030.84,2.7819400106123954e-27,,,
buy,DATA/ETH,9.184502915572709e-32,3028.95,2.5037460095511557e-27,,,
buy,DATA/ETH,8.2588270535399e-32,3031.6,2.25337140859604e-27,,,
buy,DATA/ETH,7.43736025016846e-32,3029.8,2.028034267736436e-27,,,
buy,DATA/ETH,6.656713279513019e-32,3046.6,1.8252308409627926e-27,,,
buy,DATA/ETH,5.999568877722203e-32,3042.27,1.642707756866513e-27,,,
buy,DATA/ETH,5.408981747996421e-32,3037.0,1.4784369811798618e-27,,,
buy,DATA/ETH,4.8742144586864674e-32,3033.18,1.3305932830618756e-27,,,
buy,DATA/ETH,4.391469440293984e-32,3029.95,1.197533954755688e-27,,,
buy,DATA/ETH,3.9420443891426103e-32,3037.85,1.0777805592801192e-27,,,
buy,DATA/ETH,3.5593809751655196e-32,3028.0,9.700025033521073e-28,,,
buy,DATA/ETH,3.211237658623499e-32,3020.65,8.730022530168966e-28,,,
buy,DATA/ETH,2.973653609477846e-32,2935.79,7.857020277152069e-28,,,
buy,DATA/ETH,2.692106422098744e-32,2918.54,7.0713182494368615e-28,,,
buy,DATA/ETH,2.4202669838679617e-32,2921.71,6.364186424493176e-28,,,
buy,DATA/ETH,2.2000319501699674e-32,2892.77,5.727767782043858e-28,,,
buy,DATA/ETH,1.969909438973961e-32,2907.63,5.154991003839472e-28,,,
buy,DATA/ETH,1.7766029100632317e-32,2901.6,4.639491903455525e-28,,,
sell,DATA/ETH,6.238042943919478e-31,2893.36,2.2688395835674387e-27,,,
sell,DATA/ETH,5.61423864952753e-31,2906.52,3.900629275529915e-27,,,
sell,DATA/ETH,5.052814784574777e-31,2905.56,5.368754928076824e-27,,,
sell,DATA/ETH,4.5475333061172995e-31,2909.98,6.692078025090346e-27,,,
buy,DATA/ETH,2.2961718420595126e-31,2914.45,6.022870222581311e-27,,,
buy,DATA/ETH,2.0629800385618465e-31,2919.5,5.42058320032318e-27,,,
buy,DATA/ETH,1.8571273127049402e-31,2918.8,4.878524880290862e-27,,,
buy,DATA/ETH,1.6758931227381872e-31,2911.0,4.390672392261776e-27,,,
buy,DATA/ETH,1.5072682431382687e-31,2913.0,3.951605153035598e-27,,,
buy,DATA/ETH,1.353822619537009e-31,2918.85,3.5564446377320384e-27,,,
buy,DATA/ETH,1.2178478831519135e-31,2920.27,3.2008001739588346e-27,,,
buy,DATA/ETH,1.0954891416109366e-31,2921.8,2.880720156562951e-27,,,
buy,DATA/ETH,9.897477312142513e-32,2910.56,2.592648140906656e-27,,,
buy,DATA/ETH,8.905495985994718e-32,2911.29,2.3333833268159905e-27,,,
buy,DATA/ETH,8.027133400585477e-32,2906.87,2.1000449941343914e-27,,,
buy,DATA/ETH,7.233054329869778e-32,2903.4,1.8900404947209523e-27,,,
buy,DATA/ETH,6.516931572722407e-32,2900.2,1.701036445248857e-27,,,
buy,DATA/ETH,5.837782600447715e-32,2913.84,1.5309328007239714e-27,,,
buy,DATA/ETH,5.274840561631418e-32,2902.33,1.3778395206515742e-27,,,
buy,DATA/ETH,4.709403226048885e-32,2925.72,1.2400555685864168e-27,,,
buy,DATA/ETH,4.240289039981456e-32,2924.46,1.116050011727775e-27,,,
buy,DATA/ETH,3.808693436877063e-32,2930.27,1.0044450105549974e-27,,,
buy,DATA/ETH,3.4248787351122903e-32,2932.79,9.040005094994977e-28,,,
buy,DATA/ETH,3.084683767200336e-32,2930.61,8.13600458549548e-28,,,
buy,DATA/ETH,2.783595607524011e-32,2922.84,7.322404126945931e-28,,,
buy,DATA/ETH,2.5087465959557794e-32,2918.75,6.590163714251339e-28,,,
buy,DATA/ETH,2.2600090241226274e-32,2915.99,5.931147342826205e-28,,,
buy,DATA/ETH,2.0364804006339014e-32,2912.45,5.3380326085435845e-28,,,
buy,DATA/ETH,1.8276301925346265e-32,2920.74,4.804229347689226e-28,,,
buy,DATA/ETH,1.6495151425022494e-32,2912.51,4.323806412920304e-28,,,
buy,DATA/ETH,1.480963564377294e-32,2919.59,3.8914257716282733e-28,,,
buy,DATA/ETH,1.3321690898108511e-32,2921.12,3.5022831944654457e-28,,,
buy,DATA/ETH,1.1958000814203146e-32,2928.82,3.152054875018901e-28,,,
buy,DATA/ETH,1.0772793956878477e-32,2925.94,2.836849387517011e-28,,,
buy,DATA/ETH,9.716102760920532e-33,2919.74,2.55316444876531e-28,,,
buy,DATA/ETH,8.780399094729039e-33,2907.8,2.297848003888779e-28,,,
buy,DATA/ETH,7.880704728011204e-33,2915.79,2.0680632034999007e-28,,,
buy,DATA/ETH,7.092853186198515e-33,2915.7,1.8612568831499105e-28,,,
buy,DATA/ETH,6.351025315801022e-33,2930.64,1.6751311948349194e-28,,,
buy,DATA/ETH,5.7210764850919384e-33,2928.0,1.5076180753514275e-28,,,
buy,DATA/ETH,5.145963509533119e-33,2929.71,1.3568562678162846e-28,,,
buy,DATA/ETH,4.621114524561543e-33,2936.21,1.221170641034656e-28,,,
buy,DATA/ETH,4.1684865525686925e-33,2929.53,1.0990535769311906e-28,,,
buy,DATA/ETH,3.740834982185748e-33,2937.99,9.891482192380715e-29,,,
buy,DATA/ETH,3.3764049550895226e-33,2929.59,8.902333973142643e-29,,,
buy,DATA/ETH,3.0263371792218726e-33,2941.62,8.012100575828378e-29,,,
buy,DATA/ETH,2.735438912880976e-33,2929.0,7.21089051824554e-29,,,
buy,DATA/ETH,2.4613908104333492e-33,2929.6,6.489801466420986e-29,,,
buy,DATA/ETH,2.2197980114998587e-33,2923.6,5.840821319778888e-29,,,
buy,DATA/ETH,1.993992004594716e-33,2929.21,5.256739187800999e-29,,,
buy,DATA/ETH,1.7929095853289267e-33,2931.96,4.7310652690208994e-29,,,
buy,DATA/ETH,1.615083900256341e-33,2929.3,4.257958742118809e-29,,,
buy,DATA/ETH,1.4517863630724467e-33,2932.91,3.8321628679069283e-29,,,
buy,DATA/ETH,1.3134010802562698e-33,2917.74,3.4489465811162356e-29,,,
buy,DATA/ETH,1.1953304039774154e-33,2885.35,3.104051923004612e-29,,,
buy,DATA/ETH,1.0740961421093358e-33,2889.92,2.793646730704151e-29,,,
buy,DATA/ETH,9.680867752133426e-34,2885.74,2.5142820576337356e-29,,,
buy,DATA/ETH,8.744051504245416e-34,2875.42,2.262853851870362e-29,,,
buy,DATA/ETH,7.751623225097158e-34,2919.2,2.0365684666833257e-29,,,
buy,DATA/ETH,6.8942970920122484e-34,2953.99,1.832911620014993e-29,,,
buy,DATA/ETH,6.16525434166841e-34,2972.97,1.649620458013494e-29,,,
buy,DATA/ETH,5.5247379600435845e-34,2985.88,1.4846584122121446e-29,,,
buy,DATA/ETH,5.010659507972138e-34,2963.0,1.3361925709909302e-29,,,
buy,DATA/ETH,4.5056854870764485e-34,2965.57,1.2025733138918371e-29,,,
buy,DATA/ETH,4.054911838918837e-34,2965.72,1.0823159825026535e-29,,,
buy,DATA/ETH,3.6505407850845537e-34,2964.81,9.740843842523881e-30,,,
buy,DATA/ETH,3.2998220969074074e-34,2951.93,8.766759458271494e-30,,,
buy,DATA/ETH,2.9605328424095197e-34,2961.21,7.890083512444344e-30,,,
buy,DATA/ETH,2.6509437839367093e-34,2976.33,7.10107516119991e-30,,,
buy,DATA/ETH,2.4145432651922878e-34,2940.96,6.390967645079919e-30,,,
buy,DATA/ETH,2.171206364197818e-34,2943.51,5.7518708805719266e-30,,,
buy,DATA/ETH,1.945375024291328e-34,2956.69,5.176683792514734e-30,,,
sell,DATA/ETH,6.385785562263106e-31,2954.4,1.8917931703075266e-27,,,
buy,DATA/ETH,6.409837975691206e-32,2951.39,1.702613853276774e-27,,,
buy,DATA/ETH,5.790652091898643e-32,2940.28,1.5323524679490967e-27,,,
buy,DATA/ETH,5.192672519897041e-32,2950.99,1.379117221154187e-27,,,
buy,DATA/ETH,4.68163901539204e-32,2945.8,1.2412054990387684e-27,,,
buy,DATA/ETH,4.212631386336393e-32,2946.39,1.1170849491348916e-27,,,
buy,DATA/ETH,3.7877815159973e-32,2949.18,1.0053764542214025e-27,,,
buy,DATA/ETH,3.4184966770420934e-32,2940.99,9.048388087992622e-28,,,
buy,DATA/ETH,3.080522552418257e-32,2937.29,8.14354927919336e-28,,,
buy,DATA/ETH,2.767382659809005e-32,2942.69,7.329194351274024e-28,,,
buy,DATA/ETH,2.5134066580959195e-32,2916.04,6.596274916146622e-28,,,
buy,DATA/ETH,2.2589827864694838e-32,2920.02,5.936647424531959e-28,,,
buy,DATA/ETH,2.0372426870180983e-32,2914.06,5.342982682078764e-28,,,
buy,DATA/ETH,1.8344375067220918e-32,2912.6,4.808684413870888e-28,,,
buy,DATA/ETH,1.6559286804977024e-32,2903.92,4.327815972483799e-28,,,
buy,DATA/ETH,1.488275539551641e-32,2907.94,3.895034375235419e-28,,,
buy,DATA/ETH,1.345620940798528e-32,2894.6,3.5055309377118773e-28,,,
buy,DATA/ETH,1.2101432750430225e-32,2896.79,3.1549778439406895e-28,,,
buy,DATA/ETH,1.0900697041211109e-32,2894.29,2.8394800595466207e-28,,,
buy,DATA/ETH,9.7948907516079e-33,2898.94,2.555532053591959e-28,,,
buy,DATA/ETH,8.833868164569423e-33,2892.88,2.299978848232763e-28,,,
buy,DATA/ETH,7.996977977624816e-33,2876.06,2.0699809634094865e-28,,,
buy,DATA/ETH,7.168566631606698e-33,2887.58,1.8629828670685379e-28,,,
sell,DATA/ETH,6.328758551290201e-31,2893.73,2.0176701349693533e-27,,,
sell,DATA/ETH,5.695882696161181e-31,2892.51,3.665209900716671e-27,,,
sell,DATA/ETH,5.126294426545063e-31,2895.99,5.149779640349695e-27,,,
buy,DATA/ETH,1.782189674745013e-31,2889.58,4.6348016763147254e-27,,,
buy,DATA/ETH,1.6082284012154099e-31,2881.93,4.171321508683253e-27,,,
buy,DATA/ETH,1.4536297898596151e-31,2869.59,3.754189357814928e-27,,,
buy,DATA/ETH,1.3008910195972527e-31,2885.86,3.378770422033435e-27,,,
buy,DATA/ETH,1.169776388241697e-31,2888.39,3.040893379830091e-27,,,
buy,DATA/ETH,1.0476266101080362e-31,2902.65,2.736804041847082e-27,,,
buy,DATA/ETH,9.424872983587363e-32,2903.81,2.4631236376623738e-27,,,
buy,DATA/ETH,8.473135823646444e-32,2906.98,2.2168112738961363e-27,,,
buy,DATA/ETH,7.628000185455453e-32,2906.15,1.9951301465065226e-27,,,
buy,DATA/ETH,6.840837121572168e-32,2916.5,1.7956171318558703e-27,,,
buy,DATA/ETH,6.180700577777332e-32,2905.2,1.616055418670283e-27,,,
buy,DATA/ETH,5.534133125137949e-32,2920.16,1.4544498768032548e-27,,,
buy,DATA/ETH,5.002785685600474e-32,2907.28,1.3090048891229293e-27,,,
buy,DATA/ETH,4.515771987563319e-32,2898.74,1.1781044002106363e-27,,,
buy,DATA/ETH,3.9971784735070823e-32,2947.34,1.0602939601895727e-27,,,
buy,DATA/ETH,3.593619907844368e-32,2950.49,9.542645641706154e-28,,,
buy,DATA/ETH,3.206437184932631e-32,2976.09,8.588381077535539e-28,,,
buy,DATA/ETH,2.88510517251261e-32,2976.8,7.729542969781984e-28,,,
buy,DATA/ETH,2.5988732965217366e-32,2974.19,6.9565886728037855e-28,,,
sell,DATA/ETH,6.14871368752385e-31,2983.45,2.530096852384681e-27,,,
buy,DATA/ETH,8.42363205247316e-32,3003.57,2.277087167146213e-27,,,
buy,DATA/ETH,7.528680852180367e-32,3024.55,2.0493784504315917e-27,,,
buy,DATA/ETH,6.783168834402725e-32,3021.27,1.8444406053884324e-27,,,
sell,DATA/ETH,5.7611971361620275e-31,3013.45,3.580548556385178e-27,,,
buy,DATA/ETH,1.188224625131142e-31,3013.36,3.2224937007466603e-27,,,
buy,DATA/ETH,1.062634977410648e-31,3032.55,2.9002443306719942e-27,,,
buy,DATA/ETH,9.598563416906593e-32,3021.54,2.610219897604795e-27,,,
buy,DATA/ETH,8.65747447787487e-32,3014.99,2.3491979078443155e-27,,,
buy,DATA/ETH,7.82075340516784e-32,3003.8,2.114278117059884e-27,,,
buy,DATA/ETH,7.016138037995933e-32,3013.45,1.9028503053538955e-27,,,
buy,DATA/ETH,6.325838930586144e-32,3008.06,1.712565274818506e-27,,,
buy,DATA/ETH,5.696247022493102e-32,3006.48,1.5413087473366553e-27,,,
buy,DATA/ETH,5.111355306774606e-32,3015.46,1.3871778726029897e-27,,,
buy,DATA/ETH,4.5989234283047496e-32,3016.31,1.2484600853426908e-27,,,
buy,DATA/ETH,4.148838172999591e-32,3009.18,1.1236140768084217e-27,,,
buy,DATA/ETH,3.732949534079588e-32,3009.99,1.0112526691275794e-27,,,
buy,DATA/ETH,3.372742208536074e-32,2998.31,9.101274022148214e-28,,,
buy,DATA/ETH,3.0272494211273146e-32,3006.45,8.191146619933393e-28,,,
buy,DATA/ETH,2.7486976956229656e-32,2980.01,7.372031957940054e-28,,,
buy,DATA/ETH,2.471224027601714e-32,2983.15,6.634828762146048e-28,,,
buy,DATA/ETH,2.2557623762940108e-32,2941.28,5.971345885931443e-28,,,
buy,DATA/ETH,2.0196869635866706e-32,2956.57,5.374211297338299e-28,,,
buy,DATA/ETH,1.8238562479513133e-32,2946.62,4.8367901676044686e-28,,,
buy,DATA/ETH,1.641125313040156e-32,2947.24,4.353111150844022e-28,,,
buy,DATA/ETH,1.4761312820766436e-32,2949.0,3.9178000357596196e-28,,,
buy,DATA/ETH,1.3304355329856933e-32,2944.75,3.526020032183658e-28,,,
buy,DATA/ETH,1.2004003691001331e-32,2937.37,3.173418028965292e-28,,,
buy,DATA/ETH,1.0791773178053696e-32,2940.59,2.8560762260687626e-28,,,
buy,DATA/ETH,9.71606518730401e-33,2939.54,2.5704686034618864e-28,,,
buy,DATA/ETH,8.729135747145335e-33,2944.7,2.3134217431156977e-28,,,
buy,DATA/ETH,7.835069321171483e-33,2952.65,2.082079568804128e-28,,,
buy,DATA/ETH,7.069255579487475e-33,2945.26,1.8738716119237152e-28,,,
buy,DATA/ETH,6.351655007351054e-33,2950.21,1.6864844507313436e-28,,,
buy,DATA/ETH,5.715927641861867e-33,2950.5,1.5178360056582093e-28,,,
buy,DATA/ETH,5.153382334205483e-33,2945.32,1.3660524050923884e-28,,,
buy,DATA/ETH,4.6348496279450645e-33,2947.35,1.2294471645831495e-28,,,
buy,DATA/ETH,4.1528923362691935e-33,2960.46,1.1065024481248346e-28,,,
buy,DATA/ETH,3.6582705101559675e-33,3024.66,9.958522033123511e-29,,,
buy,DATA/ETH,3.288659716236208e-33,3028.14,8.96266982981116e-29,,,
buy,DATA/ETH,2.9599305910869088e-33,3028.0,8.066402846830044e-29,,,
buy,DATA/ETH,2.6559556309736412e-33,3037.1,7.259762562147039e-29,,,
buy,DATA/ETH,2.395644984869007e-33,3030.4,6.533786305932335e-29,,,
buy,DATA/ETH,2.121503838226741e-33,3079.79,5.880407675339101e-29,,,
buy,DATA/ETH,1.922022191717934e-33,3059.49,5.292366907805191e-29,,,
buy,DATA/ETH,1.7116322470262586e-33,3092.0,4.763130217024672e-29,,,
buy,DATA/ETH,1.5307951101463172e-33,3111.54,4.2868171953222044e-29,,,
buy,DATA/ETH,1.3847382210902023e-33,3095.76,3.858135475789984e-29,,,
buy,DATA/ETH,1.2504368842559983e-33,3085.43,3.472321928210986e-29,,,
buy,DATA/ETH,1.1246714651474815e-33,3087.41,3.125089735389887e-29,,,
sell,DATA/ETH,6.3670615818627875e-31,3085.16,1.9955912683438785e-27,,,
sell,DATA/ETH,5.7303554236765085e-31,3088.99,3.765692328362129e-27,,,
sell,DATA/ETH,5.157319881308858e-31,3086.19,5.3573392328117874e-27,,,
sell,DATA/ETH,4.641587893177973e-31,3090.98,6.792044767417313e-27,,,
buy,DATA/ETH,2.1966509597080575e-31,3092.0,6.112840290675582e-27,,,
buy,DATA/ETH,1.9741446788017187e-31,3096.45,5.5015562616080235e-27,,,
buy,DATA/ETH,1.7700192914873362e-31,3108.19,4.951400635447221e-27,,,
buy,DATA/ETH,1.5977104784829017e-31,3099.06,4.456260571902499e-27,,,
buy,DATA/ETH,1.4308614437827307e-31,3114.39,4.010634514712249e-27,,,
buy,DATA/ETH,1.292985619732884e-31,3101.84,3.609571063241024e-27,,,
buy,DATA/ETH,1.1653626817636273e-31,3097.38,3.2486139569169216e-27,,,
buy,DATA/ETH,1.0482747577184073e-31,3099.01,2.9237525612252293e-27,,,
buy,DATA/ETH,9.425378985252191e-32,3102.0,2.6313773051027065e-27,,,
buy,DATA/ETH,8.44174811556481e-32,3117.1,2.3682395745924356e-27,,,
buy,DATA/ETH,7.574149352336414e-32,3126.74,2.131415617133192e-27,,,
buy,DATA/ETH,6.794006174720108e-32,3137.2,1.9182740554198727e-27,,,
buy,DATA/ETH,6.121259099747822e-32,3133.79,1.7264466498778855e-27,,,
buy,DATA/ETH,5.537742654214415e-32,3117.6,1.553801984890097e-27,,,
buy,DATA/ETH,4.999362885746773e-32,3108.0,1.3984217864010873e-27,,,
buy,DATA/ETH,4.503701345875549e-32,3105.05,1.2585796077609785e-27,,,
buy,DATA/ETH,4.0457219887587755e-32,3110.89,1.1327216469848806e-27,,,
buy,DATA/ETH,3.641067860033175e-32,3110.96,1.0194494822863926e-27,,,
buy,DATA/ETH,3.2734991804973673e-32,3114.25,9.175045340577534e-28,,,
sell,DATA/ETH,6.068606471435416e-31,3112.22,2.8061883773108262e-27,,,
buy,DATA/ETH,8.995087259666269e-32,3119.69,2.5255695395797434e-27,,,
buy,DATA/ETH,8.094774165319691e-32,3120.0,2.273012585621769e-27,,,
buy,DATA/ETH,7.295117098728318e-32,3115.8,2.0457113270595923e-27,,,
buy,DATA/ETH,6.561162211415956e-32,3117.91,1.841140194353633e-27,,,
buy,DATA/ETH,5.895534958576319e-32,3122.94,1.6570261749182697e-27,,,
buy,DATA/ETH,5.322992184025075e-32,3112.96,1.4913235574264428e-27,,,
buy,DATA/ETH,4.7830565709507364e-32,3117.93,1.3421912016837985e-27,,,
buy,DATA/ETH,4.283757557533005e-32,3133.21,1.2079720815154187e-27,,,
buy,DATA/ETH,3.860137349658615e-32,3129.35,1.0871748733638769e-27,,,
buy,DATA/ETH,3.480842034136467e-32,3123.31,9.784573860274893e-28,,,
buy,DATA/ETH,3.136805243605862e-32,3119.28,8.806116474247403e-28,,,
buy,DATA/ETH,2.8315487055457886e-32,3110.0,7.925504826822663e-28,,,
buy,DATA/ETH,2.543650050331428e-32,3115.8,7.132954344140397e-28,,,
buy,DATA/ETH,2.2953553090335815e-32,3107.56,6.419658909726357e-28,,,
buy,DATA/ETH,2.0641259986709014e-32,3110.11,5.777693018753722e-28,,,
buy,DATA/ETH,1.860980470827218e-32,3104.65,5.199923716878349e-28,,,
buy,DATA/ETH,1.6759944810233869e-32,3102.59,4.679931345190514e-28,,,
buy,DATA/ETH,1.5206974986727867e-32,3077.49,4.211938210671462e-28,,,
buy,DATA/ETH,1.3651411381760457e-32,3085.35,3.790744389604316e-28,,,
buy,DATA/ETH,1.2310209588401177e-32,3079.35,3.4116699506438847e-28,,,
buy,DATA/ETH,1.1086749372471801e-32,3077.25,3.0705029555794963e-28,,,
buy,DATA/ETH,1.0026917882803866e-32,3062.26,2.7634526600215464e-28,,,
buy,DATA/ETH,8.992950200368858e-33,3072.91,2.4871073940193917e-28,,,
buy,DATA/ETH,8.095973652664172e-33,3072.03,2.2383966546174523e-28,,,
buy,DATA/ETH,7.30261207952973e-33,3065.2,2.0145569891557072e-28,,,
buy,DATA/ETH,6.551298317606892e-33,3075.05,1.8131012902401364e-28,,,
buy,DATA/ETH,5.9055211428650325e-33,3070.18,1.6317911612161228e-28,,,
buy,DATA/ETH,5.303102520973409e-33,3077.05,1.4686120450945105e-28,,,
buy,DATA/ETH,4.781883449773738e-33,3071.2,1.3217508405850595e-28,,,
buy,DATA/ETH,4.2919701667594044e-33,3079.59,1.1895757565265534e-28,,,
buy,DATA/ETH,3.8632498482615783e-33,3079.21,1.0706181808738982e-28,,,
buy,DATA/ETH,3.4618708558297166e-33,3092.6,9.635563627865084e-29,,,
buy,DATA/ETH,3.121133592856014e-33,3087.2,8.672007265078576e-29,,,
buy,DATA/ETH,2.776286100998392e-33,3123.6,7.804806538570718e-29,,,
buy,DATA/ETH,2.497586045994713e-33,3124.94,7.024325884713645e-29,,,
buy,DATA/ETH,2.2853443749800387e-33,3073.64,6.321893296242281e-29,,,
buy,DATA/ETH,2.04478196480997e-33,3091.72,5.689703966618052e-29,,,
buy,DATA/ETH,1.836270971085474e-33,3098.51,5.120733569956247e-29,,,
buy,DATA/ETH,1.6532628117443128e-33,3097.35,4.608660212960622e-29,,,
buy,DATA/ETH,1.484677033313668e-33,3104.15,4.14779419166456e-29,,,
buy,DATA/ETH,1.3406838187674535e-33,3093.79,3.733014772498104e-29,,,
buy,DATA/ETH,1.2099004574780188e-33,3085.39,3.3597132952482933e-29,,,
buy,DATA/ETH,1.085560903305199e-33,3094.91,3.023741965723464e-29,,,
buy,DATA/ETH,9.783134836055301e-34,3090.77,2.7213677691511174e-29,,,
buy,DATA/ETH,8.726472073775758e-34,3118.52,2.4492309922360058e-29,,,
buy,DATA/ETH,7.811542362173904e-34,3135.4,2.2043078930124052e-29,,,
buy,DATA/ETH,7.011960316742393e-34,3143.64,1.9838771037111646e-29,,,
buy,DATA/ETH,6.300442721525299e-34,3148.79,1.7854893933400483e-29,,,
buy,DATA/ETH,5.192096780154028e-34,3438.86,1.6069404540060435e-29,,,
buy,DATA/ETH,4.591166616684934e-34,3500.07,1.4462464086054392e-29,,,
buy,DATA/ETH,3.9665680457844955e-34,3646.09,1.3016217677448952e-29,,,
buy,DATA/ETH,3.603643915616162e-34,3611.96,1.1714595909704057e-29,,,
buy,DATA/ETH,3.199144655948063e-34,3661.79,1.0543136318733652e-29,,,
sell,DATA/ETH,6.359741841536935e-31,3688.9,2.3565883042432937e-27,,,
sell,DATA/ETH,5.723767657383242e-31,3687.0,4.466941439520495e-27,,,
sell,DATA/ETH,5.151390891644917e-31,3675.06,6.360108500545352e-27,,,
sell,DATA/ETH,4.636251802480425e-31,3695.9,8.073620804224092e-27,,,
sell,DATA/ETH,4.172626622232383e-31,3658.54,9.600192944474298e-27,,,
buy,DATA/ETH,2.6328732144745594e-31,3646.28,8.640173650026868e-27,,,
buy,DATA/ETH,2.354443964549672e-31,3669.73,7.776156285024181e-27,,,
buy,DATA/ETH,2.1243426540156212e-31,3660.5,6.998540656521763e-27,,,
buy,DATA/ETH,1.9129117462298932e-31,3658.58,6.298686590869586e-27,,,
buy,DATA/ETH,1.7107303057602759e-31,3681.87,5.6688179317826275e-27,,,
buy,DATA/ETH,1.5251057120749604e-31,3717.0,5.1019361386043646e-27,,,
buy,DATA/ETH,1.3504402190070792e-31,3777.98,4.591742524743928e-27,,,
buy,DATA/ETH,1.2102674294723836e-31,3793.99,4.132568272269535e-27,,,
buy,DATA/ETH,1.0965355282970576e-31,3768.75,3.7193114450425815e-27,,,
buy,DATA/ETH,9.849897497193007e-32,3775.99,3.347380300538324e-27,,,
buy,DATA/ETH,8.860918446294757e-32,3777.69,3.0126422704844914e-27,,,
buy,DATA/ETH,7.982391267039094e-32,3774.11,2.711378043436042e-27,,,
buy,DATA/ETH,7.232694485768817e-32,3748.78,2.440240239092438e-27,,,
buy,DATA/ETH,6.53955165359985e-32,3731.51,2.196216215183194e-27,,,
buy,DATA/ETH,5.916116368959055e-32,3712.26,1.9765945936648748e-27,,,
buy,DATA/ETH,5.27530797267293e-32,3746.88,1.7789351342983874e-27,,,
buy,DATA/ETH,4.744738014494483e-32,3749.28,1.6010416208685486e-27,,,
buy,DATA/ETH,4.198032982593559e-32,3813.79,1.4409374587816938e-27,,,
buy,DATA/ETH,3.8023571383228633e-32,3789.59,1.2968437129035243e-27,,,
buy,DATA/ETH,3.4289801267144305e-32,3782.01,1.1671593416131718e-27,,,
buy,DATA/ETH,3.0803400886055427e-32,3789.06,1.0504434074518545e-27,,,
buy,DATA/ETH,2.769316814393986e-32,3793.15,9.453990667066691e-28,,,
buy,DATA/ETH,2.492207735253858e-32,3793.42,8.508591600360022e-28,,,
buy,DATA/ETH,2.2692663803237302e-32,3749.49,7.65773244032402e-28,,,
buy,DATA/ETH,2.0374979885919597e-32,3758.4,6.891959196291618e-28,,,
buy,DATA/ETH,1.8302419790449381e-32,3765.6,6.202763276662457e-28,,,
buy,DATA/ETH,1.6554828858392382e-32,3746.8,5.582486948996211e-28,,,
buy,DATA/ETH,1.4817758920527285e-32,3767.43,5.0242382540965895e-28,,,
buy,DATA/ETH,1.346334668911324e-32,3731.79,4.521814428686931e-28,,,
buy,DATA/ETH,1.209038058370681e-32,3740.01,4.069632985818237e-28,,,
buy,DATA/ETH,1.1027052546661204e-32,3690.59,3.6626696872364136e-28,,,
buy,DATA/ETH,9.988272844436726e-33,3666.97,3.2964027185127723e-28,,,
buy,DATA/ETH,8.919345305097889e-33,3695.79,2.966762446661495e-28,,,
buy,DATA/ETH,7.922923428738707e-33,3744.53,2.6700862019953456e-28,,,
buy,DATA/ETH,7.096291714603659e-33,3762.65,2.403077581795811e-28,,,
buy,DATA/ETH,6.387069941329656e-33,3762.41,2.16276982361623e-28,,,
buy,DATA/ETH,5.782807015016657e-33,3740.0,1.946492841254607e-28,,,
buy,DATA/ETH,5.213671148470598e-33,3733.44,1.7518435571291462e-28,,,
buy,DATA/ETH,4.6883232585930734e-33,3736.61,1.5766592014162317e-28,,,
buy,DATA/ETH,4.2052880229173236e-33,3749.23,1.4189932812746085e-28,,,
buy,DATA/ETH,3.759420535897758e-33,3774.5,1.2770939531471476e-28,,,
buy,DATA/ETH,3.4101762457366524e-33,3744.95,1.1493845578324328e-28,,,
buy,DATA/ETH,3.0750953999562112e-33,3737.72,1.0344461020491896e-28,,,
buy,DATA/ETH,2.750432998538139e-33,3761.03,9.310014918442706e-29,,,
buy,DATA/ETH,2.4764036926398812e-33,3759.49,8.379013426598435e-29,,,
buy,DATA/ETH,2.2227681301874283e-33,3769.63,7.541112083938591e-29,,,
buy,DATA/ETH,1.9938954770996515e-33,3782.1,6.787000875544732e-29,,,
buy,DATA/ETH,1.790571699511328e-33,3790.41,6.108300787990259e-29,,,
buy,DATA/ETH,1.621094632973442e-33,3768.01,5.497470709191234e-29,,,
buy,DATA/ETH,1.4504434354892182e-33,3790.2,4.9477236382721107e-29,,,
buy,DATA/ETH,1.2972565838589276e-33,3813.99,4.4529512744448995e-29,,,
buy,DATA/ETH,1.1681955796561485e-33,3811.82,4.00765614700041e-29,,,
buy,DATA/ETH,1.0522649128289686e-33,3808.6,3.606890532300369e-29,,,
buy,DATA/ETH,9.421872186479761e-34,3828.21,3.246201479070332e-29,,,
buy,DATA/ETH,8.284401942273941e-34,3918.45,2.9215813311632986e-29,,,
buy,DATA/ETH,7.558192011701869e-34,3865.45,2.629423198046969e-29,,,
buy,DATA/ETH,6.953166098251461e-34,3781.62,2.3664808782422718e-29,,,
buy,DATA/ETH,6.2871770791616104e-34,3763.98,2.1298327904180446e-29,,,
buy,DATA/ETH,5.585772707864873e-34,3812.96,1.91684951137624e-29,,,
buy,DATA/ETH,5.0490976008351035e-34,3796.42,1.725164560238616e-29,,,
buy,DATA/ETH,4.558693352707781e-34,3784.34,1.5526481042147546e-29,,,
buy,DATA/ETH,4.1112652597853464e-34,3776.57,1.397383293793279e-29,,,
buy,DATA/ETH,3.685733749880066e-34,3791.33,1.2576449644139511e-29,,,
buy,DATA/ETH,3.348353610384294e-34,3756.01,1.1318804679725561e-29,,,
buy,DATA/ETH,2.944997835178634e-34,3843.4,1.0186924211753005e-29,,,
buy,DATA/ETH,2.673031805760432e-34,3811.0,9.168231790577705e-30,,,
buy,DATA/ETH,2.4231503833855866e-34,3783.6,8.251408611519934e-30,,,
sell,DATA/ETH,6.333741476960306e-31,3813.2,2.4234337086060235e-27,,,
sell,DATA/ETH,5.700367329264274e-31,3810.2,4.595387668402297e-27,,,
sell,DATA/ETH,5.130330596337847e-31,3822.0,6.556200022322623e-27,,,
sell,DATA/ETH,4.617297536704062e-31,3803.82,8.312536893929188e-27,,,
sell,DATA/ETH,4.155567783033656e-31,3804.22,9.893406301086417e-27,,,
buy,DATA/ETH,2.6534761714822485e-31,3728.47,8.904065670977775e-27,,,
buy,DATA/ETH,2.4243989204037848e-31,3672.69,8.013659103879998e-27,,,
buy,DATA/ETH,2.1780745762385706e-31,3679.24,7.212293193491999e-27,,,
buy,DATA/ETH,1.9630629269167118e-31,3674.0,6.491063874142799e-27,,,
buy,DATA/ETH,1.761578341875488e-31,3684.8,5.841957486728519e-27,,,
buy,DATA/ETH,1.5790653353790835e-31,3699.63,5.257761738055667e-27,,,
buy,DATA/ETH,1.4161863422746383e-31,3712.62,4.731985564250101e-27,,,
buy,DATA/ETH,1.2738574589669935e-31,3714.69,4.2587870078250904e-27,,,
buy,DATA/ETH,1.1559786022857682e-31,3684.14,3.832908307042581e-27,,,
buy,DATA/ETH,1.0334436922951146e-31,3708.87,3.449617476338323e-27,,,
buy,DATA/ETH,9.339293482178445e-32,3693.66,3.1046557287044907e-27,,,
buy,DATA/ETH,8.470631148926364e-32,3665.2,2.7941901558340416e-27,,,
buy,DATA/ETH,7.528749988775116e-32,3711.36,2.5147711402506375e-27,,,
buy,DATA/ETH,6.736866309256032e-32,3732.85,2.263294026225574e-27,,,
buy,DATA/ETH,6.044477155820889e-32,3744.4,2.0369646236030163e-27,,,
buy,DATA/ETH,5.457958317309334e-32,3732.1,1.8332681612427148e-27,,,
sell,DATA/ETH,5.919703005564792e-31,3736.35,4.045076393726915e-27,,,
sell,DATA/ETH,5.327732705008312e-31,3737.37,6.0362472316986065e-27,,,
sell,DATA/ETH,4.794959434507481e-31,3728.28,7.823942367747161e-27,,,
sell,DATA/ETH,4.315463491056733e-31,3711.73,9.425725898113162e-27,,,
sell,DATA/ETH,3.883917141951059e-31,3717.13,1.0869428390699216e-26,,,
buy,DATA/ETH,2.911721807639243e-31,3732.99,9.782485551629295e-27,,,
buy,DATA/ETH,2.6119643366893875e-31,3745.26,8.804236996466365e-27,,,
buy,DATA/ETH,2.3358990200489147e-31,3769.1,7.923813296819728e-27,,,
buy,DATA/ETH,2.1115810040691607e-31,3752.55,7.131431967137756e-27,,,
buy,DATA/ETH,1.9026284528941244e-31,3748.2,6.41828877042398e-27,,,
buy,DATA/ETH,1.7130968799508837e-31,3746.6,5.7764598933815814e-27,,,
buy,DATA/ETH,1.543344294778157e-31,3742.82,5.198813904043423e-27,,,
buy,DATA/ETH,1.3830274205291881e-31,3759.01,4.678932513639081e-27,,,
buy,DATA/ETH,1.242061473144667e-31,3767.07,4.2110392622751726e-27,,,
buy,DATA/ETH,1.126130000421238e-31,3739.39,3.789935336047655e-27,,,
buy,DATA/ETH,1.014037660783272e-31,3737.47,3.41094180244289e-27,,,
buy,DATA/ETH,9.13437970971643e-32,3734.18,3.0698476221986007e-27,,,
buy,DATA/ETH,8.190737929264267e-32,3747.95,2.7628628599787407e-27,,,
buy,DATA/ETH,7.379835621504196e-32,3743.8,2.4865765739808665e-27,,,
buy,DATA/ETH,6.633612757221963e-32,3748.45,2.2379189165827798e-27,,,
sell,DATA/ETH,5.798460323027846e-31,3741.06,4.4071577141894354e-27,,,
sell,DATA/ETH,5.218614290725061e-31,3759.61,6.3691531615447196e-27,,,
buy,DATA/ETH,1.6949830776002874e-31,3757.65,5.732237845390247e-27,,,
buy,DATA/ETH,1.5304945720400623e-31,3745.35,5.1590140608512225e-27,,,
buy,DATA/ETH,1.3771950734113776e-31,3746.03,4.6431126547661004e-27,,,
buy,DATA/ETH,1.2422512092501996e-31,3737.66,4.1788013892894906e-27,,,
buy,DATA/ETH,1.1145699511340909e-31,3749.25,3.7609212503605414e-27,,,
buy,DATA/ETH,1.00419770649379e-31,3745.2,3.3848291253244874e-27,,,
buy,DATA/ETH,9.007020043492633e-32,3757.99,3.0463462127920385e-27,,,
buy,DATA/ETH,8.150541023095137e-32,3737.6,2.7417115915128346e-27,,,
buy,DATA/ETH,7.26937867454531e-32,3771.59,2.467540432361551e-27,,,
buy,DATA/ETH,6.583021903993637e-32,3748.34,2.220786389125396e-27,,,
buy,DATA/ETH,5.905498649463631e-32,3760.54,1.9987077502128565e-27,,,
buy,DATA/ETH,5.315768652360282e-32,3759.96,1.798836975191571e-27,,,
buy,DATA/ETH,4.75127370289981e-32,3786.01,1.6189532776724138e-27,,,
buy,DATA/ETH,4.2666348948396053e-32,3794.45,1.4570579499051725e-27,,,
buy,DATA/ETH,3.8343630260662435e-32,3800.0,1.3113521549146553e-27,,,
buy,DATA/ETH,3.446745277215418e-32,3804.61,1.1802169394231897e-27,,,
buy,DATA/ETH,3.094603896447339e-32,3813.79,1.0621952454808707e-27,,,
buy,DATA/ETH,2.7928179545734393e-32,3803.31,9.559757209327836e-28,,,
buy,DATA/ETH,2.509853844381916e-32,3808.89,8.603781488395051e-28,,,
buy,DATA/ETH,2.2275739147667386e-32,3862.4,7.743403339555546e-28,,,
buy,DATA/ETH,2.0201623088486867e-32,3833.06,6.969063005599991e-28,,,
buy,DATA/ETH,1.8036484161216582e-32,3863.87,6.272156705039992e-28,,,
buy,DATA/ETH,1.631428323780489e-32,3844.58,5.644941034535993e-28,,,
buy,DATA/ETH,1.4670948968308324e-32,3847.7,5.080446931082394e-28,,,
sell,DATA/ETH,6.2538963146827645e-31,3878.86,2.9338435190252782e-27,,,
sell,DATA/ETH,5.6285066832144885e-31,3860.74,5.106863608240629e-27,,,
buy,DATA/ETH,1.3255800984388596e-31,3852.55,4.5961772474165656e-27,,,
buy,DATA/ETH,1.1975230382501012e-31,3838.07,4.136559522674909e-27,,,
buy,DATA/ETH,1.0810380122344902e-31,3826.47,3.722903570407418e-27,,,
,,,,,100.0,118.6976967923915,18.697696792391497
